utc,tight,neighbors,new_orbits,total_orbits,expanded,skipped
2026-09-10T09:45:49Z,30,30,5,1929,13,1
2026-09-10T09:45:49Z,30,30,5,1934,14,1
2026-09-10T09:45:49Z,30,30,5,1939,15,1
2026-09-10T09:45:49Z,31,34,7,1946,16,1
2026-09-10T09:45:49Z,31,32,11,1957,17,1
2026-09-10T09:45:49Z,31,39,9,1966,18,1
2026-09-10T09:45:49Z,31,34,6,1972,19,1
2026-09-10T09:45:49Z,31,34,6,1978,20,1
2026-09-10T09:45:49Z,32,32,7,1985,21,1
2026-09-10T09:45:49Z,32,32,8,1993,22,1
2026-09-10T09:45:50Z,32,32,5,1998,23,1
2026-09-10T09:45:50Z,32,32,7,2005,24,1
2026-09-10T09:45:50Z,32,41,10,2015,25,1
2026-09-10T09:45:50Z,32,32,7,2022,26,1
2026-09-10T09:45:50Z,32,40,13,2035,27,1
2026-09-10T09:45:50Z,32,32,5,2040,28,1
2026-09-10T09:45:50Z,32,39,9,2049,29,1
2026-09-10T09:45:50Z,32,32,5,2054,30,1
2026-09-10T09:45:50Z,32,32,6,2060,31,1
2026-09-10T09:45:50Z,32,32,6,2066,32,1
2026-09-10T09:45:50Z,32,32,2,2068,33,1
2026-09-10T09:45:50Z,32,32,6,2074,34,1
2026-09-10T09:45:50Z,32,32,3,2077,35,1
2026-09-10T09:45:50Z,32,39,5,2082,36,1
2026-09-10T09:45:50Z,32,32,7,2089,37,1
2026-09-10T09:45:50Z,32,32,6,2095,38,1
2026-09-10T09:45:51Z,32,32,6,2101,39,1
2026-09-10T09:45:51Z,32,32,7,2108,40,1
2026-09-10T09:45:51Z,32,32,2,2110,41,1
2026-09-10T09:45:51Z,32,32,8,2118,42,1
2026-09-10T09:45:51Z,32,32,2,2120,43,1
2026-09-10T09:45:51Z,33,34,9,2129,44,1
2026-09-10T09:45:51Z,33,33,8,2137,45,1
2026-09-10T09:45:51Z,33,32,3,2140,46,1
2026-09-10T09:45:51Z,33,33,12,2152,47,1
2026-09-10T09:45:51Z,33,32,3,2155,48,1
2026-09-10T09:45:51Z,33,44,10,2165,49,1
2026-09-10T09:45:51Z,33,43,7,2172,50,1
2026-09-10T09:45:51Z,33,48,13,2185,51,1
2026-09-10T09:45:51Z,33,48,12,2197,52,1
2026-09-10T09:45:52Z,33,35,9,2206,53,1
2026-09-10T09:45:52Z,33,33,8,2214,54,1
2026-09-10T09:45:52Z,33,33,8,2222,55,1
2026-09-10T09:45:52Z,33,34,7,2229,56,1
2026-09-10T09:45:52Z,33,32,3,2232,57,1
2026-09-10T09:45:52Z,33,34,9,2241,58,1
2026-09-10T09:45:52Z,33,34,9,2250,59,1
2026-09-10T09:45:52Z,33,43,8,2258,60,1
2026-09-10T09:45:52Z,33,33,8,2266,61,1
2026-09-10T09:45:52Z,33,40,10,2276,62,1
2026-09-10T09:45:52Z,33,33,6,2282,63,1
2026-09-10T09:45:52Z,33,35,7,2289,64,1
2026-09-10T09:45:52Z,33,34,8,2297,65,1
2026-09-10T09:45:52Z,33,33,4,2301,66,1
2026-09-10T09:45:52Z,33,34,7,2308,67,1
2026-09-10T09:45:53Z,33,43,6,2314,68,1
2026-09-10T09:45:53Z,33,36,9,2323,69,1
2026-09-10T09:45:53Z,33,36,8,2331,70,1
2026-09-10T09:45:53Z,33,35,4,2335,71,1
2026-09-10T09:45:53Z,33,36,9,2344,72,1
2026-09-10T09:45:53Z,33,48,18,2362,73,1
2026-09-10T09:45:53Z,33,42,4,2366,74,1
2026-09-10T09:45:53Z,33,33,7,2373,75,1
2026-09-10T09:45:53Z,33,35,7,2380,76,1
2026-09-10T09:45:53Z,33,34,6,2386,77,1
2026-09-10T09:45:53Z,33,34,8,2394,78,1
2026-09-10T09:45:53Z,33,35,8,2402,79,1
2026-09-10T09:45:53Z,33,33,9,2411,80,1
2026-09-10T09:45:53Z,33,33,3,2414,81,1
2026-09-10T09:45:54Z,33,43,5,2419,82,1
2026-09-10T09:45:54Z,33,36,4,2423,83,1
2026-09-10T09:45:54Z,33,36,3,2426,84,1
2026-09-10T09:45:54Z,33,35,7,2433,85,1
2026-09-10T09:45:54Z,33,47,11,2444,86,1
2026-09-10T09:45:54Z,33,32,3,2447,87,1
2026-09-10T09:45:54Z,33,35,7,2454,88,1
2026-09-10T09:45:54Z,33,38,7,2461,89,1
2026-09-10T09:45:54Z,33,33,6,2467,90,1
2026-09-10T09:45:54Z,33,35,8,2475,91,1
2026-09-10T09:45:54Z,33,50,16,2491,92,1
2026-09-10T09:45:54Z,33,34,8,2499,93,1
2026-09-10T09:45:54Z,33,34,8,2507,94,1
2026-09-10T09:45:55Z,33,34,8,2515,95,1
2026-09-10T09:45:55Z,33,33,7,2522,96,1
2026-09-10T09:45:55Z,33,40,9,2531,97,1
2026-09-10T09:45:55Z,33,34,7,2538,98,1
2026-09-10T09:45:55Z,33,36,3,2541,99,1
2026-09-10T09:45:55Z,33,36,6,2547,100,1
2026-09-10T09:45:55Z,33,34,7,2554,101,1
2026-09-10T09:45:55Z,33,33,5,2559,102,1
2026-09-10T09:45:55Z,33,35,3,2562,103,1
2026-09-10T09:45:55Z,33,36,9,2571,104,1
2026-09-10T09:45:55Z,33,48,12,2583,105,1
2026-09-10T09:45:55Z,33,35,8,2591,106,1
2026-09-10T09:45:55Z,33,33,5,2596,107,1
2026-09-10T09:45:55Z,33,36,3,2599,108,1
2026-09-10T09:45:55Z,33,36,5,2604,109,1
2026-09-10T09:45:56Z,33,35,4,2608,110,1
2026-09-10T09:45:56Z,33,33,6,2614,111,1
2026-09-10T09:45:56Z,33,34,6,2620,112,1
2026-09-10T09:45:56Z,33,34,8,2628,113,1
2026-09-10T09:45:56Z,33,35,5,2633,114,1
2026-09-10T09:45:56Z,33,38,3,2636,115,1
2026-09-10T09:45:56Z,33,34,7,2643,116,1
2026-09-10T09:45:56Z,33,33,6,2649,117,1
2026-09-10T09:45:56Z,33,36,5,2654,118,1
2026-09-10T09:45:56Z,33,36,5,2659,119,1
2026-09-10T09:45:56Z,33,36,4,2663,120,1
2026-09-10T09:45:56Z,33,35,8,2671,121,1
2026-09-10T09:45:56Z,33,33,7,2678,122,1
2026-09-10T09:45:56Z,33,33,7,2685,123,1
2026-09-10T09:45:56Z,33,36,3,2688,124,1
2026-09-10T09:45:56Z,33,34,8,2696,125,1
2026-09-10T09:45:57Z,33,34,6,2702,126,1
2026-09-10T09:45:57Z,33,33,6,2708,127,1
2026-09-10T09:45:57Z,33,34,8,2716,128,1
2026-09-10T09:45:57Z,33,34,7,2723,129,1
2026-09-10T09:45:57Z,33,34,5,2728,130,1
2026-09-10T09:45:57Z,33,34,5,2733,131,1
2026-09-10T09:45:57Z,33,34,5,2738,132,1
2026-09-10T09:45:57Z,33,34,7,2745,133,1
2026-09-10T09:45:57Z,33,34,6,2751,134,1
2026-09-10T09:45:57Z,33,34,5,2756,135,1
2026-09-10T09:45:57Z,33,35,4,2760,136,1
2026-09-10T09:45:58Z,33,34,8,2768,137,1
2026-09-10T09:45:58Z,33,34,6,2774,138,1
2026-09-10T09:45:58Z,33,34,5,2779,139,1
2026-09-10T09:45:58Z,33,34,7,2786,140,1
2026-09-10T09:45:58Z,33,34,5,2791,141,1
2026-09-10T09:45:58Z,33,34,5,2796,142,1
2026-09-10T09:47:02Z,30,30,11,2807,143,1
2026-09-10T09:47:02Z,30,30,7,2814,144,1
2026-09-10T09:47:02Z,30,30,9,2823,145,1
2026-09-10T09:47:02Z,30,30,12,2835,146,1
2026-09-10T09:47:02Z,30,30,8,2843,147,1
2026-09-10T09:47:02Z,30,30,14,2857,148,1
2026-09-10T09:47:02Z,30,30,8,2865,149,1
2026-09-10T09:47:02Z,30,30,11,2876,150,1
2026-09-10T09:47:02Z,30,30,2,2878,151,1
2026-09-10T09:47:02Z,30,30,12,2890,152,1
2026-09-10T09:47:03Z,30,30,12,2902,153,1
2026-09-10T09:47:03Z,30,30,7,2909,154,1
2026-09-10T09:47:03Z,30,30,5,2914,155,1
2026-09-10T09:47:03Z,30,30,6,2920,156,1
2026-09-10T09:47:03Z,30,30,8,2928,157,1
2026-09-10T09:47:03Z,30,30,8,2936,158,1
2026-09-10T09:47:03Z,30,30,8,2944,159,1
2026-09-10T09:47:03Z,30,30,7,2951,160,1
2026-09-10T09:47:03Z,30,30,3,2954,161,1
2026-09-10T09:47:03Z,30,30,10,2964,162,1
2026-09-10T09:47:03Z,30,30,10,2974,163,1
2026-09-10T09:47:03Z,30,30,5,2979,164,1
2026-09-10T09:47:03Z,30,30,5,2984,165,1
2026-09-10T09:47:03Z,30,30,4,2988,166,1
2026-09-10T09:47:03Z,30,30,2,2990,167,1
2026-09-10T09:47:04Z,30,30,9,2999,168,1
2026-09-10T09:47:04Z,30,30,4,3003,169,1
2026-09-10T09:47:04Z,30,30,3,3006,170,1
2026-09-10T09:47:04Z,30,30,6,3012,171,1
2026-09-10T09:47:04Z,30,30,11,3023,172,1
2026-09-10T09:47:04Z,30,30,8,3031,173,1
2026-09-10T09:47:04Z,30,30,3,3034,174,1
2026-09-10T09:47:04Z,30,30,4,3038,175,1
2026-09-10T09:47:04Z,30,30,5,3043,176,1
2026-09-10T09:47:04Z,31,31,6,3049,177,1
2026-09-10T09:47:04Z,31,32,9,3058,178,1
2026-09-10T09:47:04Z,31,32,7,3065,179,1
2026-09-10T09:47:04Z,31,32,9,3074,180,1
2026-09-10T09:47:04Z,31,34,8,3082,181,1
2026-09-10T09:47:04Z,31,34,6,3088,182,1
2026-09-10T09:47:05Z,31,32,15,3103,183,1
2026-09-10T09:47:05Z,31,31,10,3113,184,1
2026-09-10T09:47:05Z,31,32,6,3119,185,1
2026-09-10T09:47:05Z,31,39,15,3134,186,1
2026-09-10T09:47:05Z,31,32,8,3142,187,1
2026-09-10T09:47:05Z,31,32,10,3152,188,1
2026-09-10T09:47:05Z,31,32,9,3161,189,1
2026-09-10T09:47:05Z,31,34,12,3173,190,1
2026-09-10T09:47:05Z,31,34,10,3183,191,1
2026-09-10T09:47:05Z,31,39,18,3201,192,1
2026-09-10T09:47:05Z,31,31,6,3207,193,1
2026-09-10T09:47:05Z,31,32,8,3215,194,1
2026-09-10T09:47:05Z,31,34,6,3221,195,1
2026-09-10T09:47:05Z,31,34,6,3227,196,1
2026-09-10T09:47:06Z,31,46,14,3241,197,1
2026-09-10T09:47:06Z,31,34,8,3249,198,1
2026-09-10T09:47:06Z,31,31,5,3254,199,1
2026-09-10T09:47:06Z,31,32,4,3258,200,1
2026-09-10T09:47:06Z,31,32,11,3269,201,1
2026-09-10T09:47:06Z,31,32,14,3283,202,1
2026-09-10T09:47:06Z,31,32,7,3290,203,1
2026-09-10T09:47:06Z,31,32,7,3297,204,1
2026-09-10T09:47:06Z,31,32,6,3303,205,1
2026-09-10T09:47:06Z,31,32,7,3310,206,1
2026-09-10T09:47:06Z,31,32,1,3311,207,1
2026-09-10T09:47:06Z,31,36,8,3319,208,1
2026-09-10T09:47:06Z,31,32,13,3332,209,1
2026-09-10T09:47:06Z,31,32,9,3341,210,1
2026-09-10T09:47:07Z,31,45,18,3359,211,1
2026-09-10T09:47:07Z,31,34,4,3363,212,1
2026-09-10T09:47:07Z,31,34,4,3367,213,1
2026-09-10T09:47:07Z,31,32,12,3379,214,1
2026-09-10T09:47:07Z,31,32,6,3385,215,1
2026-09-10T09:47:07Z,31,31,4,3389,216,1
2026-09-10T09:47:07Z,31,32,9,3398,217,1
2026-09-10T09:47:07Z,31,31,6,3404,218,1
2026-09-10T09:47:07Z,31,31,9,3413,219,1
2026-09-10T09:47:07Z,31,32,14,3427,220,1
2026-09-10T09:47:07Z,31,32,7,3434,221,1
2026-09-10T09:47:07Z,31,31,5,3439,222,1
2026-09-10T09:47:07Z,31,33,11,3450,223,1
2026-09-10T09:47:07Z,31,34,5,3455,224,1
2026-09-10T09:47:07Z,31,32,11,3466,225,1
2026-09-10T09:47:08Z,31,31,5,3471,226,1
2026-09-10T09:47:08Z,31,34,5,3476,227,1
2026-09-10T09:47:08Z,31,31,7,3483,228,1
2026-09-10T09:47:08Z,31,31,11,3494,229,1
2026-09-10T09:47:08Z,31,32,5,3499,230,1
2026-09-10T09:47:08Z,31,32,10,3509,231,1
2026-09-10T09:47:08Z,31,32,4,3513,232,1
2026-09-10T09:47:08Z,31,32,3,3516,233,1
2026-09-10T09:47:08Z,31,32,5,3521,234,1
2026-09-10T09:47:08Z,31,32,7,3528,235,1
2026-09-10T09:47:08Z,31,32,4,3532,236,1
2026-09-10T09:47:08Z,31,31,7,3539,237,1
2026-09-10T09:47:08Z,31,32,6,3545,238,1
2026-09-10T09:47:08Z,31,32,8,3553,239,1
2026-09-10T09:47:08Z,31,32,4,3557,240,1
2026-09-10T09:47:08Z,31,32,9,3566,241,1
2026-09-10T09:47:09Z,31,32,1,3567,242,1
2026-09-10T09:47:09Z,31,31,9,3576,243,1
2026-09-10T09:47:09Z,31,31,5,3581,244,1
2026-09-10T09:47:09Z,31,32,7,3588,245,1
2026-09-10T09:47:09Z,31,31,3,3591,246,1
2026-09-10T09:47:09Z,31,31,3,3594,247,1
2026-09-10T09:47:09Z,31,31,3,3597,248,1
2026-09-10T09:47:09Z,31,31,3,3600,249,1
2026-09-10T09:47:09Z,31,31,11,3611,250,1
2026-09-10T09:47:09Z,31,33,7,3618,251,1
2026-09-10T09:47:09Z,31,32,10,3628,252,1
2026-09-10T09:47:09Z,31,31,9,3637,253,1
2026-09-10T09:47:09Z,31,32,10,3647,254,1
2026-09-10T09:47:09Z,31,32,5,3652,255,1
2026-09-10T09:47:10Z,31,45,17,3669,256,1
2026-09-10T09:47:10Z,31,32,12,3681,257,1
2026-09-10T09:47:10Z,31,33,7,3688,258,1
2026-09-10T09:47:10Z,31,32,2,3690,259,1
2026-09-10T09:47:10Z,31,32,5,3695,260,1
2026-09-10T09:47:10Z,31,32,7,3702,261,1
2026-09-10T09:47:10Z,31,32,4,3706,262,1
2026-09-10T09:47:10Z,31,32,8,3714,263,1
2026-09-10T09:47:10Z,31,32,2,3716,264,1
2026-09-10T09:47:10Z,31,32,9,3725,265,1
2026-09-10T09:47:10Z,31,32,8,3733,266,1
2026-09-10T09:47:10Z,31,32,3,3736,267,1
2026-09-10T09:47:10Z,32,33,8,3744,268,1
2026-09-10T09:47:11Z,32,32,6,3750,269,1
2026-09-10T09:47:11Z,32,32,13,3763,270,1
2026-09-10T09:47:11Z,32,33,10,3773,271,1
2026-09-10T09:47:11Z,32,32,12,3785,272,1
2026-09-10T09:47:11Z,32,35,8,3793,273,1
2026-09-10T09:47:11Z,32,32,8,3801,274,1
2026-09-10T09:47:11Z,32,31,7,3808,275,1
2026-09-10T09:47:11Z,32,32,13,3821,276,1
2026-09-10T09:47:11Z,32,32,10,3831,277,1
2026-09-10T09:47:11Z,32,48,17,3848,278,1
2026-09-10T09:47:11Z,32,48,17,3865,279,1
2026-09-10T09:47:11Z,32,91,18,3883,280,1
2026-09-10T09:47:12Z,32,91,21,3904,281,1
2026-09-10T09:47:12Z,32,35,17,3921,282,1
2026-09-10T09:47:12Z,32,35,12,3933,283,1
2026-09-10T09:47:12Z,32,32,8,3941,284,1
2026-09-10T09:47:12Z,32,32,7,3948,285,1
2026-09-10T09:47:12Z,32,78,33,3981,286,1
2026-09-10T09:47:12Z,32,33,10,3991,287,1
2026-09-10T09:47:12Z,32,32,15,4006,288,1
2026-09-10T09:47:12Z,32,34,15,4021,289,1
2026-09-10T09:47:12Z,32,34,10,4031,290,1
2026-09-10T09:47:12Z,32,34,16,4047,291,1
2026-09-10T09:47:13Z,32,34,11,4058,292,1
2026-09-10T09:47:13Z,32,48,18,4076,293,1
2026-09-10T09:47:13Z,32,40,10,4086,294,1
2026-09-10T09:47:13Z,32,32,5,4091,295,1
2026-09-10T09:47:13Z,32,32,8,4099,296,1
2026-09-10T09:47:13Z,32,55,10,4109,297,1
2026-09-10T09:47:13Z,32,35,5,4114,298,1
2026-09-10T09:47:13Z,32,32,11,4125,299,1
2026-09-10T09:47:13Z,32,33,9,4134,300,1
2026-09-10T09:47:13Z,32,32,6,4140,301,1
2026-09-10T09:47:13Z,32,32,7,4147,302,1
2026-09-10T09:47:13Z,32,39,12,4159,303,1
2026-09-10T09:47:14Z,32,39,15,4174,304,1
2026-09-10T09:47:14Z,32,32,8,4182,305,1
2026-09-10T09:47:14Z,32,78,29,4211,306,1
2026-09-10T09:47:14Z,32,34,11,4222,307,1
2026-09-10T09:47:14Z,32,32,4,4226,308,1
2026-09-10T09:47:14Z,32,34,10,4236,309,1
2026-09-10T09:47:14Z,32,33,6,4242,310,1
2026-09-10T09:47:14Z,32,32,5,4247,311,1
2026-09-10T09:47:14Z,32,32,8,4255,312,1
2026-09-10T09:47:14Z,32,36,12,4267,313,1
2026-09-10T09:47:14Z,32,36,12,4279,314,1
2026-09-10T09:47:14Z,32,76,41,4320,315,1
2026-09-10T09:47:15Z,32,48,17,4337,316,1
2026-09-10T09:47:15Z,32,35,7,4344,317,1
2026-09-10T09:47:15Z,32,36,11,4355,318,1
2026-09-10T09:47:15Z,32,32,7,4362,319,1
2026-09-10T09:47:15Z,32,48,7,4369,320,1
2026-09-10T09:47:15Z,32,32,5,4374,321,1
2026-09-10T09:47:15Z,32,32,6,4380,322,1
2026-09-10T09:47:15Z,32,33,12,4392,323,1
2026-09-10T09:47:15Z,32,33,4,4396,324,1
2026-09-10T09:47:15Z,32,35,3,4399,325,1
2026-09-10T09:47:15Z,32,34,9,4408,326,1
2026-09-10T09:47:15Z,32,32,0,4408,327,1
2026-09-10T09:47:15Z,32,34,8,4416,328,1
2026-09-10T09:47:15Z,32,35,7,4423,329,1
2026-09-10T09:47:16Z,32,33,5,4428,330,1
2026-09-10T09:47:16Z,32,33,8,4436,331,1
2026-09-10T09:47:16Z,32,66,24,4460,332,1
2026-09-10T09:47:16Z,32,40,15,4475,333,1
2026-09-10T09:47:16Z,32,39,12,4487,334,1
2026-09-10T09:47:16Z,32,32,11,4498,335,1
2026-09-10T09:47:16Z,32,33,4,4502,336,1
2026-09-10T09:47:16Z,32,32,10,4512,337,1
2026-09-10T09:47:16Z,32,32,10,4522,338,1
2026-09-10T09:47:16Z,32,36,11,4533,339,1
2026-09-10T09:47:16Z,32,32,6,4539,340,1
2026-09-10T09:47:16Z,32,33,8,4547,341,1
2026-09-10T09:47:16Z,32,32,7,4554,342,1
2026-09-10T09:47:17Z,32,63,17,4571,343,1
2026-09-10T09:47:17Z,32,36,8,4579,344,1
2026-09-10T09:47:17Z,32,48,15,4594,345,1
2026-09-10T09:47:17Z,32,39,15,4609,346,1
2026-09-10T09:47:17Z,32,33,12,4621,347,1
2026-09-10T09:47:17Z,32,45,18,4639,348,1
2026-09-10T09:47:17Z,32,35,11,4650,349,1
2026-09-10T09:47:17Z,32,35,1,4651,350,1
2026-09-10T09:47:17Z,32,35,8,4659,351,1
2026-09-10T09:47:17Z,32,32,3,4662,352,1
2026-09-10T09:47:17Z,32,35,14,4676,353,1
2026-09-10T09:47:17Z,32,72,36,4712,354,1
2026-09-10T09:47:18Z,32,41,17,4729,355,1
2026-09-10T09:47:18Z,32,32,7,4736,356,1
2026-09-10T09:47:18Z,32,32,8,4744,357,1
2026-09-10T09:47:18Z,32,32,6,4750,358,1
2026-09-10T09:47:18Z,32,33,2,4752,359,1
2026-09-10T09:47:18Z,32,35,6,4758,360,1
2026-09-10T09:47:18Z,32,45,8,4766,361,1
2026-09-10T09:47:18Z,32,50,22,4788,362,1
2026-09-10T09:47:18Z,32,35,3,4791,363,1
2026-09-10T09:47:18Z,32,50,14,4805,364,1
2026-09-10T09:47:18Z,32,32,4,4809,365,1
2026-09-10T09:47:18Z,32,32,12,4821,366,1
2026-09-10T09:47:18Z,32,32,8,4829,367,1
2026-09-10T09:47:19Z,32,32,12,4841,368,1
2026-09-10T09:47:19Z,32,32,17,4858,369,1
2026-09-10T09:47:19Z,32,34,12,4870,370,1
2026-09-10T09:47:19Z,32,34,5,4875,371,1
2026-09-10T09:47:19Z,32,34,6,4881,372,1
2026-09-10T09:47:19Z,32,40,7,4888,373,1
2026-09-10T09:47:19Z,32,34,3,4891,374,1
2026-09-10T09:47:19Z,32,33,4,4895,375,1
2026-09-10T09:47:19Z,32,33,8,4903,376,1
2026-09-10T09:47:19Z,32,35,13,4916,377,1
2026-09-10T09:47:19Z,32,36,13,4929,378,1
2026-09-10T09:47:19Z,32,36,5,4934,379,1
2026-09-10T09:47:19Z,32,32,7,4941,380,1
2026-09-10T09:47:19Z,32,36,3,4944,381,1
2026-09-10T09:47:20Z,32,32,13,4957,382,1
2026-09-10T09:47:20Z,32,34,10,4967,383,1
2026-09-10T09:47:20Z,32,34,11,4978,384,1
2026-09-10T09:47:20Z,32,32,9,4987,385,1
2026-09-10T09:47:20Z,32,33,5,4992,386,1
2026-09-10T09:47:20Z,32,35,5,4997,387,1
2026-09-10T09:47:20Z,32,40,14,5011,388,1
2026-09-10T09:47:20Z,32,36,15,5026,389,1
2026-09-10T09:47:20Z,32,35,5,5031,390,1
2026-09-10T09:47:20Z,32,72,22,5053,391,1
2026-09-10T09:47:20Z,32,36,4,5057,392,1
2026-09-10T09:47:20Z,32,32,9,5066,393,1
2026-09-10T09:47:20Z,32,32,11,5077,394,1
2026-09-10T09:47:21Z,32,48,14,5091,395,1
2026-09-10T09:47:21Z,32,124,32,5123,396,1
2026-09-10T09:47:21Z,32,32,7,5130,397,1
2026-09-10T09:47:21Z,32,33,10,5140,398,1
2026-09-10T09:47:21Z,32,35,2,5142,399,1
2026-09-10T09:47:21Z,32,32,7,5149,400,1
2026-09-10T09:47:21Z,32,36,5,5154,401,1
2026-09-10T09:47:21Z,32,43,10,5164,402,1
2026-09-10T09:47:21Z,32,35,4,5168,403,1
2026-09-10T09:47:21Z,32,33,6,5174,404,1
2026-09-10T09:47:21Z,32,34,8,5182,405,1
2026-09-10T09:47:21Z,32,34,6,5188,406,1
2026-09-10T09:47:22Z,32,34,5,5193,407,1
2026-09-10T09:47:22Z,32,35,4,5197,408,1
2026-09-10T09:47:22Z,32,34,4,5201,409,1
2026-09-10T09:47:22Z,32,35,9,5210,410,1
2026-09-10T09:47:22Z,32,33,7,5217,411,1
2026-09-10T09:47:22Z,32,33,14,5231,412,1
2026-09-10T09:47:22Z,32,32,4,5235,413,1
2026-09-10T09:47:22Z,32,40,8,5243,414,1
2026-09-10T09:47:22Z,32,58,17,5260,415,1
2026-09-10T09:47:22Z,32,36,8,5268,416,1
2026-09-10T09:47:22Z,32,33,9,5277,417,1
2026-09-10T09:47:22Z,32,78,22,5299,418,1
2026-09-10T09:47:22Z,32,35,6,5305,419,1
2026-09-10T09:47:23Z,32,33,2,5307,420,1
2026-09-10T09:47:23Z,32,35,4,5311,421,1
2026-09-10T09:47:23Z,32,65,21,5332,422,1
2026-09-10T09:47:23Z,32,32,8,5340,423,1
2026-09-10T09:47:23Z,32,32,3,5343,424,1
2026-09-10T09:47:23Z,32,33,2,5345,425,1
2026-09-10T09:47:23Z,32,33,4,5349,426,1
2026-09-10T09:47:23Z,32,32,10,5359,427,1
2026-09-10T09:47:23Z,32,35,5,5364,428,1
2026-09-10T09:47:23Z,32,34,12,5376,429,1
2026-09-10T09:47:23Z,32,36,5,5381,430,1
2026-09-10T09:47:23Z,32,34,6,5387,431,1
2026-09-10T09:47:23Z,32,34,4,5391,432,1
2026-09-10T09:47:23Z,32,33,5,5396,433,1
2026-09-10T09:47:24Z,32,33,10,5406,434,1
2026-09-10T09:47:24Z,32,39,11,5417,435,1
2026-09-10T09:47:24Z,32,32,8,5425,436,1
2026-09-10T09:47:24Z,32,32,9,5434,437,1
2026-09-10T09:47:24Z,32,32,7,5441,438,1
2026-09-10T09:47:24Z,32,65,12,5453,439,1
2026-09-10T09:47:24Z,32,34,5,5458,440,1
2026-09-10T09:47:24Z,32,34,3,5461,441,1
2026-09-10T09:47:24Z,32,34,10,5471,442,1
2026-09-10T09:47:24Z,32,34,2,5473,443,1
2026-09-10T09:47:24Z,32,47,16,5489,444,1
2026-09-10T09:47:24Z,32,35,4,5493,445,1
2026-09-10T09:47:24Z,32,32,2,5495,446,1
2026-09-10T09:47:24Z,32,34,10,5505,447,1
2026-09-10T09:47:25Z,32,34,7,5512,448,1
2026-09-10T09:47:25Z,32,34,10,5522,449,1
2026-09-10T09:47:25Z,32,47,17,5539,450,1
2026-09-10T09:47:25Z,32,32,9,5548,451,1
2026-09-10T09:47:25Z,32,32,3,5551,452,1
2026-09-10T09:47:25Z,32,34,6,5557,453,1
2026-09-10T09:47:25Z,32,34,15,5572,454,1
2026-09-10T09:47:25Z,32,34,6,5578,455,1
2026-09-10T09:47:25Z,32,32,4,5582,456,1
2026-09-10T09:47:25Z,32,34,5,5587,457,1
2026-09-10T09:47:25Z,32,32,4,5591,458,1
2026-09-10T09:47:25Z,32,32,3,5594,459,1
2026-09-10T09:47:25Z,32,35,1,5595,460,1
2026-09-10T09:47:25Z,32,33,9,5604,461,1
2026-09-10T09:47:25Z,32,34,6,5610,462,1
2026-09-10T09:47:26Z,32,34,2,5612,463,1
2026-09-10T09:47:26Z,32,34,1,5613,464,1
2026-09-10T09:47:26Z,32,34,8,5621,465,1
2026-09-10T09:47:26Z,32,34,4,5625,466,1
2026-09-10T09:47:26Z,32,34,9,5634,467,1
2026-09-10T09:47:26Z,32,47,17,5651,468,1
2026-09-10T09:47:26Z,32,32,6,5657,469,1
2026-09-10T09:47:26Z,32,34,8,5665,470,1
2026-09-10T09:47:26Z,32,34,2,5667,471,1
2026-09-10T09:47:26Z,32,47,12,5679,472,1
2026-09-10T09:47:26Z,33,41,16,5695,473,1
2026-09-10T09:47:26Z,33,46,4,5699,474,1
2026-09-10T09:47:26Z,33,44,16,5715,475,1
2026-09-10T09:47:27Z,33,35,8,5723,476,1
2026-09-10T09:47:27Z,33,34,7,5730,477,1
2026-09-10T09:47:27Z,33,33,9,5739,478,1
2026-09-10T09:47:27Z,33,48,12,5751,479,1
2026-09-10T09:47:27Z,33,32,6,5757,480,1
2026-09-10T09:47:27Z,33,54,8,5765,481,1
2026-09-10T09:47:27Z,33,34,10,5775,482,1
2026-09-10T09:47:27Z,33,34,10,5785,483,1
2026-09-10T09:47:27Z,33,56,21,5806,484,1
2026-09-10T09:47:27Z,33,33,11,5817,485,1
2026-09-10T09:47:27Z,33,40,9,5826,486,1
2026-09-10T09:47:27Z,33,32,6,5832,487,1
2026-09-10T09:47:28Z,33,48,7,5839,488,1
2026-09-10T09:47:28Z,33,48,7,5846,489,1
2026-09-10T09:47:28Z,33,33,8,5854,490,1
2026-09-10T09:47:28Z,33,34,9,5863,491,1
2026-09-10T09:47:28Z,33,35,7,5870,492,1
2026-09-10T09:47:28Z,33,48,5,5875,493,1
2026-09-10T09:47:28Z,33,48,7,5882,494,1
2026-09-10T09:47:28Z,33,32,8,5890,495,1
2026-09-10T09:47:28Z,33,32,6,5896,496,1
2026-09-10T09:47:28Z,33,34,14,5910,497,1
2026-09-10T09:47:28Z,33,43,12,5922,498,1
2026-09-10T09:47:28Z,33,35,16,5938,499,1
2026-09-10T09:47:28Z,33,35,14,5952,500,1
2026-09-10T09:47:29Z,33,34,7,5959,501,1
2026-09-10T09:47:29Z,33,32,5,5964,502,1
2026-09-10T09:47:29Z,33,33,5,5969,503,1
2026-09-10T09:47:29Z,33,79,18,5987,504,1
2026-09-10T09:47:29Z,33,33,5,5992,505,1
2026-09-10T09:47:29Z,33,36,13,6005,506,1
2026-09-10T09:47:29Z,33,34,6,6011,507,1
2026-09-10T09:47:29Z,33,34,6,6017,508,1
2026-09-10T09:47:29Z,33,32,3,6020,509,1
2026-09-10T09:47:29Z,33,36,16,6036,510,1
2026-09-10T09:47:29Z,33,34,14,6050,511,1
2026-09-10T09:47:29Z,33,37,10,6060,512,1
2026-09-10T09:47:29Z,33,36,8,6068,513,1
2026-09-10T09:47:30Z,33,32,11,6079,514,1
2026-09-10T09:47:30Z,33,34,9,6088,515,1
2026-09-10T09:47:30Z,33,48,17,6105,516,1
2026-09-10T09:47:30Z,33,34,10,6115,517,1
2026-09-10T09:47:30Z,33,96,57,6172,518,1
2026-09-10T09:47:30Z,33,35,11,6183,519,1
2026-09-10T09:47:30Z,33,32,13,6196,520,1
2026-09-10T09:47:30Z,33,35,8,6204,521,1
2026-09-10T09:47:30Z,33,97,37,6241,522,1
2026-09-10T09:47:30Z,33,33,3,6244,523,1
2026-09-10T09:47:31Z,33,41,18,6262,524,1
2026-09-10T09:47:31Z,33,33,3,6265,525,1
2026-09-10T09:47:31Z,33,34,10,6275,526,1
2026-09-10T09:47:31Z,33,33,6,6281,527,1
2026-09-10T09:47:31Z,33,65,14,6295,528,1
2026-09-10T09:47:31Z,33,34,11,6306,529,1
2026-09-10T09:47:31Z,33,37,4,6310,530,1
2026-09-10T09:47:31Z,33,45,13,6323,531,1
2026-09-10T09:47:31Z,33,42,11,6334,532,1
2026-09-10T09:47:31Z,33,37,3,6337,533,1
2026-09-10T09:47:31Z,33,47,18,6355,534,1
2026-09-10T09:47:31Z,33,33,9,6364,535,1
2026-09-10T09:47:32Z,33,49,13,6377,536,1
2026-09-10T09:47:32Z,33,47,12,6389,537,1
2026-09-10T09:47:32Z,33,34,7,6396,538,1
2026-09-10T09:47:32Z,33,34,9,6405,539,1
2026-09-10T09:47:32Z,33,33,11,6416,540,1
2026-09-10T09:47:32Z,33,79,21,6437,541,1
2026-09-10T09:47:32Z,33,77,25,6462,542,1
2026-09-10T09:47:32Z,33,35,8,6470,543,1
2026-09-10T09:47:32Z,33,38,10,6480,544,1
2026-09-10T09:47:32Z,33,34,4,6484,545,1
2026-09-10T09:47:33Z,33,34,10,6494,546,1
2026-09-10T09:47:33Z,33,39,16,6510,547,1
2026-09-10T09:47:33Z,33,47,10,6520,548,1
2026-09-10T09:47:33Z,33,57,27,6547,549,1
2026-09-10T09:47:33Z,33,34,6,6553,550,1
2026-09-10T09:47:33Z,33,33,8,6561,551,1
2026-09-10T09:47:33Z,33,34,3,6564,552,1
2026-09-10T09:47:33Z,33,36,6,6570,553,1
2026-09-10T09:47:33Z,33,35,13,6583,554,1
2026-09-10T09:47:33Z,33,44,11,6594,555,1
2026-09-10T09:47:33Z,33,38,8,6602,556,1
2026-09-10T09:47:34Z,33,36,17,6619,557,1
2026-09-10T09:47:34Z,33,39,7,6626,558,1
2026-09-10T09:47:34Z,33,43,5,6631,559,1
2026-09-10T09:47:34Z,33,43,4,6635,560,1
2026-09-10T09:47:34Z,33,36,2,6637,561,1
2026-09-10T09:47:34Z,33,36,7,6644,562,1
2026-09-10T09:47:34Z,33,34,3,6647,563,1
2026-09-10T09:47:34Z,33,34,9,6656,564,1
2026-09-10T09:47:34Z,33,34,10,6666,565,1
2026-09-10T09:47:34Z,33,43,3,6669,566,1
2026-09-10T09:47:34Z,33,56,24,6693,567,1
2026-09-10T09:47:34Z,33,34,9,6702,568,1
2026-09-10T09:47:34Z,33,34,9,6711,569,1
2026-09-10T09:47:35Z,33,33,11,6722,570,1
2026-09-10T09:47:35Z,33,42,7,6729,571,1
2026-09-10T09:47:35Z,33,48,10,6739,572,1
2026-09-10T09:47:35Z,33,32,7,6746,573,1
2026-09-10T09:47:35Z,33,39,9,6755,574,1
2026-09-10T09:47:35Z,33,42,10,6765,575,1
2026-09-10T09:47:35Z,33,60,25,6790,576,1
2026-09-10T09:47:35Z,33,39,10,6800,577,1
2026-09-10T09:47:35Z,33,34,5,6805,578,1
2026-09-10T09:47:35Z,33,45,11,6816,579,1
2026-09-10T09:47:36Z,33,70,15,6831,580,1
2026-09-10T09:47:36Z,33,33,8,6839,581,1
2026-09-10T09:47:36Z,33,59,18,6857,582,1
2026-09-10T09:47:36Z,33,36,6,6863,583,1
2026-09-10T09:47:36Z,33,65,24,6887,584,1
2026-09-10T09:47:36Z,33,36,13,6900,585,1
2026-09-10T09:47:36Z,33,35,9,6909,586,1
2026-09-10T09:47:36Z,33,48,11,6920,587,1
2026-09-10T09:47:36Z,33,45,8,6928,588,1
2026-09-10T09:47:36Z,33,34,10,6938,589,1
2026-09-10T09:47:37Z,33,58,16,6954,590,1
2026-09-10T09:47:37Z,33,34,2,6956,591,1
2026-09-10T09:47:37Z,33,36,9,6965,592,1
2026-09-10T09:47:37Z,33,69,13,6978,593,1
2026-09-10T09:47:37Z,33,58,12,6990,594,1
2026-09-10T09:47:37Z,33,35,5,6995,595,1
2026-09-10T09:47:37Z,33,38,13,7008,596,1
2026-09-10T09:47:37Z,33,42,15,7023,597,1
2026-09-10T09:47:37Z,33,33,3,7026,598,1
2026-09-10T09:47:37Z,33,34,12,7038,599,1
2026-09-10T09:47:37Z,33,33,3,7041,600,1
2026-09-10T09:47:37Z,33,50,14,7055,601,1
2026-09-10T09:47:38Z,33,96,22,7077,602,1
2026-09-10T09:47:38Z,33,33,4,7081,603,1
2026-09-10T09:47:38Z,33,35,8,7089,604,1
2026-09-10T09:47:38Z,33,35,6,7095,605,1
2026-09-10T09:47:38Z,33,34,10,7105,606,1
2026-09-10T09:47:38Z,33,40,13,7118,607,1
2026-09-10T09:47:38Z,33,34,9,7127,608,1
2026-09-10T09:47:38Z,33,34,11,7138,609,1
2026-09-10T09:47:38Z,33,34,11,7149,610,1
2026-09-10T09:47:38Z,33,36,4,7153,611,1
2026-09-10T09:47:38Z,33,34,2,7155,612,1
2026-09-10T09:47:38Z,33,34,3,7158,613,1
2026-09-10T09:47:39Z,33,47,7,7165,614,1
2026-09-10T09:47:39Z,33,47,9,7174,615,1
2026-09-10T09:47:39Z,33,34,2,7176,616,1
2026-09-10T09:47:39Z,33,36,4,7180,617,1
2026-09-10T09:47:39Z,33,38,3,7183,618,1
2026-09-10T09:47:39Z,33,38,2,7185,619,1
2026-09-10T09:47:39Z,33,41,14,7199,620,1
2026-09-10T09:47:39Z,33,34,8,7207,621,1
2026-09-10T09:47:39Z,33,36,5,7212,622,1
2026-09-10T09:47:39Z,33,33,7,7219,623,1
2026-09-10T09:47:39Z,33,34,8,7227,624,1
2026-09-10T09:47:39Z,33,33,8,7235,625,1
2026-09-10T09:47:39Z,33,35,5,7240,626,1
2026-09-10T09:47:40Z,33,45,6,7246,627,1
2026-09-10T09:47:40Z,33,34,6,7252,628,1
2026-09-10T09:47:40Z,33,33,6,7258,629,1
2026-09-10T09:47:40Z,33,48,8,7266,630,1
2026-09-10T09:47:40Z,33,32,7,7273,631,1
2026-09-10T09:47:40Z,33,40,10,7283,632,1
2026-09-10T09:47:40Z,33,34,7,7290,633,1
2026-09-10T09:47:40Z,33,45,6,7296,634,1
2026-09-10T09:47:40Z,33,34,3,7299,635,1
2026-09-10T09:47:40Z,33,34,0,7299,636,1
2026-09-10T09:47:40Z,33,34,1,7300,637,1
2026-09-10T09:47:40Z,33,39,10,7310,638,1
2026-09-10T09:47:40Z,33,36,4,7314,639,1
2026-09-10T09:47:41Z,33,39,12,7326,640,1
2026-09-10T09:47:41Z,33,37,5,7331,641,1
2026-09-10T09:47:41Z,33,35,4,7335,642,1
2026-09-10T09:47:41Z,33,47,10,7345,643,1
2026-09-10T09:47:41Z,33,34,8,7353,644,1
2026-09-10T09:47:41Z,33,36,3,7356,645,1
2026-09-10T09:47:41Z,33,34,6,7362,646,1
2026-09-10T09:47:41Z,33,33,6,7368,647,1
2026-09-10T09:47:41Z,33,67,12,7380,648,1
2026-09-10T09:47:41Z,33,34,3,7383,649,1
2026-09-10T09:47:41Z,33,47,5,7388,650,1
2026-09-10T09:47:41Z,33,34,7,7395,651,1
2026-09-10T09:47:42Z,33,35,4,7399,652,1
2026-09-10T09:47:42Z,33,34,7,7406,653,1
2026-09-10T09:47:42Z,33,37,6,7412,654,1
2026-09-10T09:47:42Z,33,33,12,7424,655,1
2026-09-10T09:47:42Z,33,36,9,7433,656,1
2026-09-10T09:47:42Z,33,37,3,7436,657,1
2026-09-10T09:47:42Z,33,33,5,7441,658,1
2026-09-10T09:47:42Z,33,33,2,7443,659,1
2026-09-10T09:47:42Z,33,33,9,7452,660,1
2026-09-10T09:47:42Z,33,33,2,7454,661,1
2026-09-10T09:47:42Z,33,34,4,7458,662,1
2026-09-10T09:47:42Z,33,34,5,7463,663,1
2026-09-10T09:47:42Z,33,34,0,7463,664,1
2026-09-10T09:47:43Z,33,79,9,7472,665,1
2026-09-10T09:47:43Z,33,34,4,7476,666,1
2026-09-10T09:47:43Z,33,34,5,7481,667,1
2026-09-10T09:47:43Z,33,34,1,7482,668,1
2026-09-10T09:47:43Z,33,34,6,7488,669,1
2026-09-10T09:47:43Z,33,34,3,7491,670,1
2026-09-10T09:47:43Z,33,34,12,7503,671,1
2026-09-10T09:47:43Z,33,34,10,7513,672,1
2026-09-10T09:47:43Z,33,42,2,7515,673,1
2026-09-10T09:47:43Z,33,60,7,7522,674,1
2026-09-10T09:47:43Z,33,36,7,7529,675,1
2026-09-10T09:47:43Z,33,42,10,7539,676,1
2026-09-10T09:47:43Z,33,32,2,7541,677,1
2026-09-10T09:47:44Z,33,34,2,7543,678,1
2026-09-10T09:47:44Z,33,34,3,7546,679,1
2026-09-10T09:47:44Z,33,36,2,7548,680,1
2026-09-10T09:47:44Z,33,75,9,7557,681,1
2026-09-10T09:47:44Z,33,34,7,7564,682,1
2026-09-10T09:47:44Z,33,34,2,7566,683,1
2026-09-10T09:47:44Z,33,47,8,7574,684,1
2026-09-10T09:47:44Z,33,34,2,7576,685,1
2026-09-10T09:47:44Z,33,32,3,7579,686,1
2026-09-10T09:47:44Z,33,34,7,7586,687,1
2026-09-10T09:47:44Z,33,35,6,7592,688,1
2026-09-10T09:47:44Z,33,34,9,7601,689,1
2026-09-10T09:47:44Z,33,34,8,7609,690,1
2026-09-10T09:47:44Z,33,39,9,7618,691,1
2026-09-10T09:47:45Z,33,34,2,7620,692,1
2026-09-10T09:47:45Z,33,34,4,7624,693,1
2026-09-10T09:47:45Z,33,34,4,7628,694,1
2026-09-10T09:47:45Z,33,34,3,7631,695,1
2026-09-10T09:47:45Z,33,35,2,7633,696,1
2026-09-10T09:47:45Z,33,34,6,7639,697,1
2026-09-10T09:47:45Z,33,34,3,7642,698,1
2026-09-10T09:47:45Z,33,34,9,7651,699,1
2026-09-10T09:47:45Z,33,34,7,7658,700,1
2026-09-10T09:47:45Z,33,32,2,7660,701,1
2026-09-10T09:47:45Z,33,34,6,7666,702,1
2026-09-10T09:47:45Z,33,34,6,7672,703,1
2026-09-10T09:47:45Z,33,34,3,7675,704,1
2026-09-10T09:47:45Z,33,34,1,7676,705,1
2026-09-10T09:47:46Z,33,34,4,7680,706,1
2026-09-10T09:47:46Z,33,34,4,7684,707,1
2026-09-10T09:47:46Z,33,34,1,7685,708,1
2026-09-10T09:47:46Z,33,47,5,7690,709,1
2026-09-10T09:47:46Z,33,34,1,7691,710,1
2026-09-10T09:47:46Z,33,34,5,7696,711,1
2026-09-10T09:47:46Z,33,34,3,7699,712,1
2026-09-10T09:47:46Z,33,34,3,7702,713,1
2026-09-10T09:47:46Z,33,34,3,7705,714,1
2026-09-10T09:47:46Z,33,34,1,7706,715,1
2026-09-10T09:47:46Z,33,34,0,7706,716,1
2026-09-10T09:47:46Z,33,34,3,7709,717,1
2026-09-10T09:47:46Z,33,34,1,7710,718,1
2026-09-10T09:47:46Z,33,34,11,7721,719,1
2026-09-10T09:47:47Z,34,100,55,7776,720,1
2026-09-10T09:47:47Z,34,36,7,7783,721,1
2026-09-10T09:47:47Z,34,35,1,7784,722,1
2026-09-10T09:47:47Z,34,44,11,7795,723,1
2026-09-10T09:47:47Z,34,41,1,7796,724,1
2026-09-10T09:47:47Z,34,94,32,7828,725,1
2026-09-10T09:47:47Z,34,35,3,7831,726,1
2026-09-10T09:47:47Z,34,38,6,7837,727,1
2026-09-10T09:47:47Z,34,56,7,7844,728,1
2026-09-10T09:47:48Z,34,56,1,7845,729,1
2026-09-10T09:47:48Z,34,34,3,7848,730,1
2026-09-10T09:47:48Z,34,118,29,7877,731,1
2026-09-10T09:47:48Z,34,88,31,7908,732,1
2026-09-10T09:47:48Z,34,116,40,7948,733,1
2026-09-10T09:47:49Z,34,116,32,7980,734,1
2026-09-10T09:47:49Z,34,69,8,7988,735,1
2026-09-10T09:47:49Z,34,116,36,8024,736,1
2026-09-10T09:47:49Z,34,110,47,8071,737,1
2026-09-10T09:47:49Z,34,65,22,8093,738,1
2026-09-10T09:47:49Z,34,49,9,8102,739,1
2026-09-10T09:47:49Z,34,49,9,8111,740,1
2026-09-10T09:47:50Z,34,61,19,8130,741,1
2026-09-10T09:47:50Z,34,41,4,8134,742,1
2026-09-10T09:47:50Z,34,38,7,8141,743,1
2026-09-10T09:47:50Z,34,69,18,8159,744,1
2026-09-10T09:47:50Z,34,50,13,8172,745,1
2026-09-10T09:47:50Z,34,41,11,8183,746,1
2026-09-10T09:47:50Z,34,77,20,8203,747,1
2026-09-10T09:47:50Z,34,77,28,8231,748,1
2026-09-10T09:47:50Z,34,34,5,8236,749,1
2026-09-10T09:47:51Z,34,34,4,8240,750,1
2026-09-10T09:47:51Z,34,36,6,8246,751,1
2026-09-10T09:47:51Z,34,36,1,8247,752,1
2026-09-10T09:47:51Z,34,65,16,8263,753,1
2026-09-10T09:47:51Z,34,57,10,8273,754,1
2026-09-10T09:47:51Z,34,36,4,8277,755,1
2026-09-10T09:47:51Z,34,59,3,8280,756,1
2026-09-10T09:47:51Z,34,41,6,8286,757,1
2026-09-10T09:47:51Z,34,69,21,8307,758,1
2026-09-10T09:47:51Z,34,57,6,8313,759,1
2026-09-10T09:47:52Z,34,42,13,8326,760,1
2026-09-10T09:47:52Z,34,37,11,8337,761,1
2026-09-10T09:47:52Z,34,58,13,8350,762,1
2026-09-10T09:47:52Z,34,63,20,8370,763,1
2026-09-10T09:47:52Z,34,36,8,8378,764,1
2026-09-10T09:47:52Z,34,83,35,8413,765,1
2026-09-10T09:47:52Z,34,35,4,8417,766,1
2026-09-10T09:47:52Z,34,35,0,8417,767,1
2026-09-10T09:47:52Z,34,37,1,8418,768,1
2026-09-10T09:47:52Z,34,49,10,8428,769,1
2026-09-10T09:47:53Z,34,49,9,8437,770,1
2026-09-10T09:47:53Z,34,35,2,8439,771,1
2026-09-10T09:47:53Z,34,49,2,8441,772,1
2026-09-10T09:47:53Z,34,41,4,8445,773,1
2026-09-10T09:47:53Z,34,36,11,8456,774,1
2026-09-10T09:47:53Z,34,43,2,8458,775,1
2026-09-10T09:47:53Z,34,122,81,8539,776,1
2026-09-10T09:47:54Z,34,216,111,8650,777,1
2026-09-10T09:47:54Z,34,48,1,8651,778,1
2026-09-10T09:47:54Z,34,33,0,8651,779,1
2026-09-10T09:47:54Z,34,39,2,8653,780,1
2026-09-10T09:47:54Z,34,39,2,8655,781,1
2026-09-10T09:47:54Z,34,35,0,8655,782,1
2026-09-10T09:47:54Z,34,50,15,8670,783,1
2026-09-10T09:47:54Z,34,42,8,8678,784,1
2026-09-10T09:47:54Z,34,72,22,8700,785,1
2026-09-10T09:47:55Z,34,45,1,8701,786,1
2026-09-10T09:47:55Z,34,69,26,8727,787,1
2026-09-10T09:47:55Z,34,61,2,8729,788,1
2026-09-10T09:47:55Z,34,55,11,8740,789,1
2026-09-10T09:47:55Z,34,34,6,8746,790,1
2026-09-10T09:47:55Z,34,34,5,8751,791,1
2026-09-10T09:47:55Z,34,44,13,8764,792,1
2026-09-10T09:47:55Z,34,48,9,8773,793,1
2026-09-10T09:47:55Z,34,89,28,8801,794,1
2026-09-10T09:47:56Z,34,37,2,8803,795,1
2026-09-10T09:47:56Z,34,38,3,8806,796,1
2026-09-10T09:47:56Z,34,38,6,8812,797,1
2026-09-10T09:47:56Z,34,36,5,8817,798,1
2026-09-10T09:47:56Z,34,37,1,8818,799,1
2026-09-10T09:47:56Z,34,36,1,8819,800,1
2026-09-10T09:47:56Z,34,37,2,8821,801,1
2026-09-10T09:47:56Z,34,44,9,8830,802,1
2026-09-10T09:47:56Z,34,50,9,8839,803,1
2026-09-10T09:47:56Z,34,39,2,8841,804,1
2026-09-10T09:47:56Z,34,35,2,8843,805,1
2026-09-10T09:47:56Z,34,42,7,8850,806,1
2026-09-10T09:47:56Z,34,35,0,8850,807,1
2026-09-10T09:47:57Z,34,38,3,8853,808,1
2026-09-10T09:47:57Z,34,34,4,8857,809,1
2026-09-10T09:47:57Z,34,34,4,8861,810,1
2026-09-10T09:47:57Z,34,38,6,8867,811,1
2026-09-10T09:47:57Z,34,39,0,8867,812,1
2026-09-10T09:47:57Z,34,41,6,8873,813,1
2026-09-10T09:47:57Z,34,35,3,8876,814,1
2026-09-10T09:47:57Z,34,133,87,8963,815,1
2026-09-10T09:47:57Z,34,37,4,8967,816,1
2026-09-10T09:47:58Z,34,77,22,8989,817,1
2026-09-10T09:47:58Z,34,34,1,8990,818,1
2026-09-10T09:47:58Z,34,80,16,9006,819,1
2026-09-10T09:47:58Z,34,50,8,9014,820,1
2026-09-10T09:47:58Z,34,49,0,9014,821,1
2026-09-10T09:47:58Z,34,66,18,9032,822,1
2026-09-10T09:47:58Z,34,91,21,9053,823,1
2026-09-10T09:47:58Z,34,37,10,9063,824,1
2026-09-10T09:47:58Z,34,34,8,9071,825,1
2026-09-10T09:47:58Z,34,37,4,9075,826,1
2026-09-10T09:47:59Z,34,49,1,9076,827,1
2026-09-10T09:47:59Z,34,61,12,9088,828,1
2026-09-10T09:47:59Z,34,51,20,9108,829,1
2026-09-10T09:47:59Z,34,39,7,9115,830,1
2026-09-10T09:47:59Z,34,34,4,9119,831,1
2026-09-10T09:47:59Z,34,35,1,9120,832,1
2026-09-10T09:47:59Z,34,112,17,9137,833,1
2026-09-10T09:47:59Z,34,36,4,9141,834,1
2026-09-10T09:47:59Z,34,35,5,9146,835,1
2026-09-10T09:47:59Z,34,33,5,9151,836,1
2026-09-10T09:48:00Z,34,37,2,9153,837,1
2026-09-10T09:48:00Z,34,33,1,9154,838,1
2026-09-10T09:48:00Z,34,35,0,9154,839,1
2026-09-10T09:48:00Z,34,35,0,9154,840,1
2026-09-10T09:48:00Z,34,39,4,9158,841,1
2026-09-10T09:48:00Z,34,53,11,9169,842,1
2026-09-10T09:48:00Z,34,33,2,9171,843,1
2026-09-10T09:48:00Z,34,38,6,9177,844,1
2026-09-10T09:48:00Z,34,43,13,9190,845,1
2026-09-10T09:48:00Z,34,37,3,9193,846,1
2026-09-10T09:48:00Z,34,35,5,9198,847,1
2026-09-10T09:48:01Z,34,81,1,9199,848,1
2026-09-10T09:48:01Z,34,37,3,9202,849,1
2026-09-10T09:48:01Z,34,37,3,9205,850,1
2026-09-10T09:48:01Z,34,33,1,9206,851,1
2026-09-10T09:48:01Z,34,39,0,9206,852,1
2026-09-10T09:48:01Z,34,35,2,9208,853,1
2026-09-10T09:48:01Z,34,63,5,9213,854,1
2026-09-10T09:48:01Z,34,42,4,9217,855,1
2026-09-10T09:48:01Z,34,37,0,9217,856,1
2026-09-10T09:48:01Z,34,35,2,9219,857,1
2026-09-10T09:48:01Z,34,37,3,9222,858,1
2026-09-10T09:48:01Z,34,36,3,9225,859,1
2026-09-10T09:48:02Z,34,35,2,9227,860,1
2026-09-10T09:48:02Z,34,63,6,9233,861,1
2026-09-10T09:48:02Z,34,40,10,9243,862,1
2026-09-10T09:48:02Z,34,37,1,9244,863,1
2026-09-10T09:48:02Z,34,37,7,9251,864,1
2026-09-10T09:48:02Z,34,38,14,9265,865,1
2026-09-10T09:48:02Z,34,43,8,9273,866,1
2026-09-10T09:48:02Z,34,39,2,9275,867,1
2026-09-10T09:48:02Z,34,39,4,9279,868,1
2026-09-10T09:48:02Z,34,35,1,9280,869,1
2026-09-10T09:48:02Z,34,34,7,9287,870,1
2026-09-10T09:48:03Z,34,38,3,9290,871,1
2026-09-10T09:48:03Z,34,44,17,9307,872,1
2026-09-10T09:48:03Z,34,40,1,9308,873,1
2026-09-10T09:48:03Z,34,37,2,9310,874,1
2026-09-10T09:48:03Z,34,34,9,9319,875,1
2026-09-10T09:48:03Z,34,37,7,9326,876,1
2026-09-10T09:48:03Z,34,33,5,9331,877,1
2026-09-10T09:48:03Z,34,36,0,9331,878,1
2026-09-10T09:48:03Z,34,50,5,9336,879,1
2026-09-10T09:48:03Z,34,44,7,9343,880,1
2026-09-10T09:48:03Z,34,37,5,9348,881,1
2026-09-10T09:48:04Z,34,37,4,9352,882,1
2026-09-10T09:48:04Z,34,34,5,9357,883,1
2026-09-10T09:48:04Z,34,37,2,9359,884,1
2026-09-10T09:48:04Z,34,33,1,9360,885,1
2026-09-10T09:48:04Z,34,40,14,9374,886,1
2026-09-10T09:48:04Z,34,37,5,9379,887,1
2026-09-10T09:48:04Z,34,107,19,9398,888,1
2026-09-10T09:48:04Z,34,34,3,9401,889,1
2026-09-10T09:48:04Z,34,37,1,9402,890,1
2026-09-10T09:48:04Z,34,37,2,9404,891,1
2026-09-10T09:48:04Z,34,39,10,9414,892,1
2026-09-10T09:48:05Z,34,76,5,9419,893,1
2026-09-10T09:48:05Z,34,77,10,9429,894,1
2026-09-10T09:48:05Z,34,36,0,9429,895,1
2026-09-10T09:48:05Z,34,34,14,9443,896,1
2026-09-10T09:48:05Z,34,37,4,9447,897,1
2026-09-10T09:48:05Z,34,34,2,9449,898,1
2026-09-10T09:48:05Z,34,50,11,9460,899,1
2026-09-10T09:48:05Z,34,86,30,9490,900,1
2026-09-10T09:48:05Z,34,63,7,9497,901,1
2026-09-10T09:48:06Z,34,67,12,9509,902,1
2026-09-10T09:48:06Z,34,37,9,9518,903,1
2026-09-10T09:48:06Z,34,37,10,9528,904,1
2026-09-10T09:48:06Z,34,114,39,9567,905,1
2026-09-10T09:48:06Z,34,38,4,9571,906,1
2026-09-10T09:48:06Z,34,36,1,9572,907,1
2026-09-10T09:48:06Z,34,57,20,9592,908,1
2026-09-10T09:48:06Z,34,37,1,9593,909,1
2026-09-10T09:48:06Z,34,36,1,9594,910,1
2026-09-10T09:48:06Z,34,37,0,9594,911,1
2026-09-10T09:48:07Z,34,35,8,9602,912,1
2026-09-10T09:48:07Z,34,37,2,9604,913,1
2026-09-10T09:48:07Z,34,37,0,9604,914,1
2026-09-10T09:48:07Z,34,37,0,9604,915,1
2026-09-10T09:48:07Z,34,37,6,9610,916,1
2026-09-10T09:48:07Z,34,37,2,9612,917,1
2026-09-10T09:48:07Z,34,38,4,9616,918,1
2026-09-10T09:48:07Z,34,38,4,9620,919,1
2026-09-10T09:48:07Z,34,36,0,9620,920,1
2026-09-10T09:48:07Z,34,37,4,9624,921,1
2026-09-10T09:48:07Z,34,37,11,9635,922,1
2026-09-10T09:48:07Z,34,37,3,9638,923,1
2026-09-10T09:48:07Z,34,37,3,9641,924,1
2026-09-10T09:48:08Z,34,33,2,9643,925,1
2026-09-10T09:48:08Z,34,36,0,9643,926,1
2026-09-10T09:48:08Z,34,45,6,9649,927,1
2026-09-10T09:48:08Z,34,61,10,9659,928,1
2026-09-10T09:48:08Z,34,37,1,9660,929,1
2026-09-10T09:48:08Z,34,35,7,9667,930,1
2026-09-10T09:48:08Z,34,37,4,9671,931,1
2026-09-10T09:48:08Z,34,37,6,9677,932,1
2026-09-10T09:48:08Z,34,37,0,9677,933,1
2026-09-10T09:48:08Z,34,37,0,9677,934,1
2026-09-10T09:48:08Z,34,34,2,9679,935,1
2026-09-10T09:48:08Z,34,34,2,9681,936,1
2026-09-10T09:48:08Z,34,44,0,9681,937,1
2026-09-10T09:48:09Z,34,39,3,9684,938,1
2026-09-10T09:48:09Z,34,53,10,9694,939,1
2026-09-10T09:48:09Z,34,36,3,9697,940,1
2026-09-10T09:48:09Z,34,44,0,9697,941,1
2026-09-10T09:48:09Z,34,37,4,9701,942,1
2026-09-10T09:48:09Z,34,34,0,9701,943,1
2026-09-10T09:48:09Z,34,37,3,9704,944,1
2026-09-10T09:48:09Z,34,34,2,9706,945,1
2026-09-10T09:48:09Z,34,38,0,9706,946,1
2026-09-10T09:48:09Z,34,44,5,9711,947,1
2026-09-10T09:48:09Z,34,34,0,9711,948,1
2026-09-10T09:48:09Z,34,37,0,9711,949,1
2026-09-10T09:48:10Z,34,37,5,9716,950,1
2026-09-10T09:48:10Z,34,39,2,9718,951,1
2026-09-10T09:48:10Z,34,53,8,9726,952,1
2026-09-10T09:48:10Z,34,37,1,9727,953,1
2026-09-10T09:48:10Z,34,37,0,9727,954,1
2026-09-10T09:48:10Z,34,37,2,9729,955,1
2026-09-10T09:48:10Z,34,37,1,9730,956,1
2026-09-10T09:48:10Z,34,37,1,9731,957,1
2026-09-10T09:48:10Z,34,35,4,9735,958,1
2026-09-10T09:48:10Z,35,86,45,9780,959,1
2026-09-10T09:48:11Z,35,70,27,9807,960,1
2026-09-10T09:48:11Z,35,38,6,9813,961,1
2026-09-10T09:48:11Z,35,37,5,9818,962,1
2026-09-10T09:48:11Z,35,63,24,9842,963,1
2026-09-10T09:48:11Z,35,33,6,9848,964,1
2026-09-10T09:48:11Z,35,59,11,9859,965,1
2026-09-10T09:48:11Z,35,50,9,9868,966,1
2026-09-10T09:48:11Z,35,134,24,9892,967,1
2026-09-10T09:48:11Z,35,38,7,9899,968,1
2026-09-10T09:48:12Z,35,68,3,9902,969,1
2026-09-10T09:48:12Z,35,106,41,9943,970,1
2026-09-10T09:48:12Z,35,58,17,9960,971,1
2026-09-10T09:48:12Z,35,51,14,9974,972,1
2026-09-10T09:48:12Z,35,36,10,9984,973,1
2026-09-10T09:48:12Z,35,36,9,9993,974,1
2026-09-10T09:48:12Z,35,58,9,10002,975,1
2026-09-10T09:48:12Z,35,42,16,10018,976,1
2026-09-10T09:48:13Z,35,50,11,10029,977,1
2026-09-10T09:48:13Z,35,46,16,10045,978,1
2026-09-10T09:48:13Z,35,86,24,10069,979,1
2026-09-10T09:48:13Z,35,46,6,10075,980,1
2026-09-10T09:48:13Z,35,41,2,10077,981,1
2026-09-10T09:48:13Z,35,58,9,10086,982,1
2026-09-10T09:48:13Z,35,50,5,10091,983,1
2026-09-10T09:48:13Z,35,38,8,10099,984,1
2026-09-10T09:48:14Z,35,59,15,10114,985,1
2026-09-10T09:48:14Z,35,118,17,10131,986,1
2026-09-10T09:48:14Z,35,38,5,10136,987,1
2026-09-10T09:48:14Z,35,35,8,10144,988,1
2026-09-10T09:48:14Z,35,47,2,10146,989,1
2026-09-10T09:48:14Z,35,33,10,10156,990,1
2026-09-10T09:48:14Z,35,84,37,10193,991,1
2026-09-10T09:48:14Z,35,66,3,10196,992,1
2026-09-10T09:48:15Z,35,54,12,10208,993,1
2026-09-10T09:48:15Z,35,33,5,10213,994,1
2026-09-10T09:48:15Z,35,42,17,10230,995,1
2026-09-10T09:48:15Z,35,53,11,10241,996,1
2026-09-10T09:48:15Z,35,51,4,10245,997,1
2026-09-10T09:48:15Z,35,43,2,10247,998,1
2026-09-10T09:48:15Z,35,39,4,10251,999,1
2026-09-10T09:48:15Z,35,39,4,10255,1000,1
2026-09-10T09:48:15Z,35,35,5,10260,1001,1
2026-09-10T09:48:15Z,35,68,21,10281,1002,1
2026-09-10T09:48:16Z,35,83,19,10300,1003,1
2026-09-10T09:48:16Z,35,41,3,10303,1004,1
2026-09-10T09:48:16Z,35,41,4,10307,1005,1
2026-09-10T09:48:16Z,35,62,19,10326,1006,1
2026-09-10T09:48:16Z,35,35,6,10332,1007,1
2026-09-10T09:48:16Z,35,37,3,10335,1008,1
2026-09-10T09:48:16Z,35,110,44,10379,1009,1
2026-09-10T09:48:16Z,35,45,1,10380,1010,1
2026-09-10T09:48:16Z,35,33,6,10386,1011,1
2026-09-10T09:48:17Z,35,57,11,10397,1012,1
2026-09-10T09:48:17Z,35,35,2,10399,1013,1
2026-09-10T09:48:17Z,35,41,3,10402,1014,1
2026-09-10T09:48:17Z,35,38,5,10407,1015,1
2026-09-10T09:48:17Z,35,123,66,10473,1016,1
2026-09-10T09:48:17Z,35,45,7,10480,1017,1
2026-09-10T09:48:17Z,35,103,49,10529,1018,1
2026-09-10T09:48:18Z,35,112,56,10585,1019,1
2026-09-10T09:48:18Z,35,50,9,10594,1020,1
2026-09-10T09:48:18Z,35,73,9,10603,1021,1
2026-09-10T09:48:18Z,35,192,88,10691,1022,1
2026-09-10T09:48:18Z,35,47,6,10697,1023,1
2026-09-10T09:48:19Z,35,35,5,10702,1024,1
2026-09-10T09:48:19Z,35,36,6,10708,1025,1
2026-09-10T09:48:19Z,35,34,3,10711,1026,1
2026-09-10T09:48:19Z,35,50,9,10720,1027,1
2026-09-10T09:48:19Z,35,67,6,10726,1028,1
2026-09-10T09:48:19Z,35,101,55,10781,1029,1
2026-09-10T09:48:19Z,35,42,14,10795,1030,1
2026-09-10T09:48:19Z,35,40,3,10798,1031,1
2026-09-10T09:48:19Z,35,39,11,10809,1032,1
2026-09-10T09:48:20Z,35,46,3,10812,1033,1
2026-09-10T09:48:20Z,35,48,7,10819,1034,1
2026-09-10T09:48:20Z,35,38,7,10826,1035,1
2026-09-10T09:48:20Z,35,41,5,10831,1036,1
2026-09-10T09:48:20Z,35,36,6,10837,1037,1
2026-09-10T09:48:20Z,35,36,8,10845,1038,1
2026-09-10T09:48:20Z,35,41,5,10850,1039,1
2026-09-10T09:48:20Z,35,47,5,10855,1040,1
2026-09-10T09:48:20Z,35,86,15,10870,1041,1
2026-09-10T09:48:21Z,35,185,20,10890,1042,1
2026-09-10T09:48:21Z,35,48,2,10892,1043,1
2026-09-10T09:48:21Z,35,39,7,10899,1044,1
2026-09-10T09:48:21Z,35,38,6,10905,1045,1
2026-09-10T09:48:21Z,35,112,33,10938,1046,1
2026-09-10T09:48:21Z,35,133,36,10974,1047,1
2026-09-10T09:48:22Z,35,63,16,10990,1048,1
2026-09-10T09:48:22Z,35,40,7,10997,1049,1
2026-09-10T09:48:22Z,35,98,31,11028,1050,1
2026-09-10T09:48:22Z,35,37,7,11035,1051,1
2026-09-10T09:48:22Z,35,54,12,11047,1052,1
2026-09-10T09:48:22Z,35,45,5,11052,1053,1
2026-09-10T09:48:22Z,35,64,14,11066,1054,1
2026-09-10T09:48:22Z,35,41,3,11069,1055,1
2026-09-10T09:48:22Z,35,41,5,11074,1056,1
2026-09-10T09:48:23Z,35,71,11,11085,1057,1
2026-09-10T09:48:23Z,35,37,4,11089,1058,1
2026-09-10T09:48:23Z,35,37,3,11092,1059,1
2026-09-10T09:48:23Z,35,36,3,11095,1060,1
2026-09-10T09:48:23Z,35,124,85,11180,1061,1
2026-09-10T09:48:23Z,35,41,7,11187,1062,1
2026-09-10T09:48:23Z,35,38,4,11191,1063,1
2026-09-10T09:48:23Z,35,36,6,11197,1064,1
2026-09-10T09:48:23Z,35,36,3,11200,1065,1
2026-09-10T09:48:23Z,35,36,0,11200,1066,1
2026-09-10T09:48:24Z,35,36,5,11205,1067,1
2026-09-10T09:48:24Z,35,39,6,11211,1068,1
2026-09-10T09:48:24Z,35,48,4,11215,1069,1
2026-09-10T09:48:24Z,35,35,3,11218,1070,1
2026-09-10T09:48:24Z,35,35,3,11221,1071,1
2026-09-10T09:48:24Z,35,37,4,11225,1072,1
2026-09-10T09:48:24Z,35,55,6,11231,1073,1
2026-09-10T09:48:24Z,35,63,8,11239,1074,1
2026-09-10T09:48:24Z,35,78,13,11252,1075,1
2026-09-10T09:48:24Z,35,54,26,11278,1076,1
2026-09-10T09:48:25Z,35,36,0,11278,1077,1
2026-09-10T09:48:25Z,35,36,5,11283,1078,1
2026-09-10T09:48:25Z,35,40,1,11284,1079,1
2026-09-10T09:48:25Z,35,40,1,11285,1080,1
2026-09-10T09:48:25Z,35,122,40,11325,1081,1
2026-09-10T09:48:25Z,35,33,5,11330,1082,1
2026-09-10T09:48:25Z,35,67,13,11343,1083,1
2026-09-10T09:48:25Z,35,54,9,11352,1084,1
2026-09-10T09:48:25Z,35,85,7,11359,1085,1
2026-09-10T09:48:26Z,35,41,12,11371,1086,1
2026-09-10T09:48:26Z,35,50,5,11376,1087,1
2026-09-10T09:48:26Z,35,41,1,11377,1088,1
2026-09-10T09:48:26Z,35,38,3,11380,1089,1
2026-09-10T09:48:26Z,35,40,1,11381,1090,1
2026-09-10T09:48:26Z,35,37,4,11385,1091,1
2026-09-10T09:48:26Z,35,36,2,11387,1092,1
2026-09-10T09:48:26Z,35,38,4,11391,1093,1
2026-09-10T09:48:26Z,35,33,6,11397,1094,1
2026-09-10T09:48:26Z,35,41,5,11402,1095,1
2026-09-10T09:48:26Z,35,50,13,11415,1096,1
2026-09-10T09:48:27Z,35,35,5,11420,1097,1
2026-09-10T09:48:27Z,35,37,3,11423,1098,1
2026-09-10T09:48:27Z,35,52,10,11433,1099,1
2026-09-10T09:48:27Z,35,49,1,11434,1100,1
2026-09-10T09:48:27Z,35,40,2,11436,1101,1
2026-09-10T09:48:27Z,35,41,5,11441,1102,1
2026-09-10T09:48:27Z,35,44,3,11444,1103,1
2026-09-10T09:48:27Z,35,37,4,11448,1104,1
2026-09-10T09:48:27Z,35,49,3,11451,1105,1
2026-09-10T09:48:27Z,35,39,18,11469,1106,1
2026-09-10T09:48:27Z,35,37,8,11477,1107,1
2026-09-10T09:48:28Z,35,50,5,11482,1108,1
2026-09-10T09:48:28Z,35,42,4,11486,1109,1
2026-09-10T09:48:28Z,35,45,0,11486,1110,1
2026-09-10T09:48:28Z,35,63,8,11494,1111,1
2026-09-10T09:48:28Z,35,53,12,11506,1112,1
2026-09-10T09:48:28Z,35,44,0,11506,1113,1
2026-09-10T09:48:28Z,35,37,8,11514,1114,1
2026-09-10T09:48:28Z,35,64,17,11531,1115,1
2026-09-10T09:48:28Z,35,34,4,11535,1116,1
2026-09-10T09:48:28Z,35,38,2,11537,1117,1
2026-09-10T09:48:28Z,35,36,2,11539,1118,1
2026-09-10T09:48:29Z,35,55,7,11546,1119,1
2026-09-10T09:48:29Z,35,38,6,11552,1120,1
2026-09-10T09:48:29Z,35,38,6,11558,1121,1
2026-09-10T09:48:29Z,35,38,5,11563,1122,1
2026-09-10T09:48:29Z,35,43,0,11563,1123,1
2026-09-10T09:48:29Z,35,36,0,11563,1124,1
2026-09-10T09:48:29Z,35,38,7,11570,1125,1
2026-09-10T09:48:29Z,35,37,4,11574,1126,1
2026-09-10T09:48:29Z,35,39,4,11578,1127,1
2026-09-10T09:48:29Z,35,35,5,11583,1128,1
2026-09-10T09:48:29Z,35,63,4,11587,1129,1
2026-09-10T09:48:30Z,35,39,1,11588,1130,1
2026-09-10T09:48:30Z,35,41,2,11590,1131,1
2026-09-10T09:48:30Z,35,39,0,11590,1132,1
2026-09-10T09:48:30Z,35,40,4,11594,1133,1
2026-09-10T09:48:30Z,35,41,4,11598,1134,1
2026-09-10T09:48:30Z,35,63,10,11608,1135,1
2026-09-10T09:48:30Z,35,34,2,11610,1136,1
2026-09-10T09:48:30Z,35,98,15,11625,1137,1
2026-09-10T09:48:30Z,35,48,1,11626,1138,1
2026-09-10T09:48:31Z,35,104,31,11657,1139,1
2026-09-10T09:48:31Z,35,34,1,11658,1140,1
2026-09-10T09:48:31Z,35,37,8,11666,1141,1
2026-09-10T09:48:31Z,35,38,4,11670,1142,1
2026-09-10T09:48:31Z,35,37,7,11677,1143,1
2026-09-10T09:48:31Z,35,37,4,11681,1144,1
2026-09-10T09:48:31Z,35,36,2,11683,1145,1
2026-09-10T09:48:31Z,35,37,3,11686,1146,1
2026-09-10T09:48:31Z,35,41,4,11690,1147,1
2026-09-10T09:48:31Z,35,35,2,11692,1148,1
2026-09-10T09:48:31Z,35,49,6,11698,1149,1
2026-09-10T09:48:32Z,35,63,8,11706,1150,1
2026-09-10T09:48:32Z,35,63,4,11710,1151,1
2026-09-10T09:48:32Z,35,34,0,11710,1152,1
2026-09-10T09:48:32Z,35,63,5,11715,1153,1
2026-09-10T09:48:32Z,35,37,3,11718,1154,1
2026-09-10T09:48:32Z,35,49,2,11720,1155,1
2026-09-10T09:48:32Z,35,62,12,11732,1156,1
2026-09-10T09:48:32Z,35,48,0,11732,1157,1
2026-09-10T09:48:32Z,35,48,0,11732,1158,1
2026-09-10T09:48:32Z,35,46,3,11735,1159,1
2026-09-10T09:48:33Z,35,39,3,11738,1160,1
2026-09-10T09:48:33Z,35,38,0,11738,1161,1
2026-09-10T09:48:33Z,35,40,0,11738,1162,1
2026-09-10T09:48:33Z,35,36,0,11738,1163,1
2026-09-10T09:48:33Z,35,36,0,11738,1164,1
2026-09-10T09:48:33Z,35,39,3,11741,1165,1
2026-09-10T09:48:33Z,35,44,0,11741,1166,1
2026-09-10T09:48:33Z,35,44,0,11741,1167,1
2026-09-10T09:48:33Z,35,40,2,11743,1168,1
2026-09-10T09:48:33Z,35,62,15,11758,1169,1
2026-09-10T09:48:34Z,36,62,13,11771,1170,1
2026-09-10T09:48:34Z,36,157,84,11855,1171,1
2026-09-10T09:48:34Z,36,48,5,11860,1172,1
2026-09-10T09:48:34Z,36,48,13,11873,1173,1
2026-09-10T09:48:34Z,36,48,4,11877,1174,1
2026-09-10T09:48:34Z,36,44,6,11883,1175,1
2026-09-10T09:48:34Z,36,40,8,11891,1176,1
2026-09-10T09:48:35Z,36,39,6,11897,1177,1
2026-09-10T09:48:35Z,36,40,6,11903,1178,1
2026-09-10T09:48:35Z,36,39,11,11914,1179,1
2026-09-10T09:48:35Z,36,39,2,11916,1180,1
2026-09-10T09:48:35Z,36,56,17,11933,1181,1
2026-09-10T09:48:35Z,36,40,4,11937,1182,1
2026-09-10T09:48:35Z,36,107,31,11968,1183,1
2026-09-10T09:48:35Z,36,40,7,11975,1184,1
2026-09-10T09:48:35Z,36,39,5,11980,1185,1
2026-09-10T09:48:36Z,36,39,5,11985,1186,1
2026-09-10T09:48:36Z,36,105,10,11995,1187,1
2026-09-10T09:48:36Z,36,59,7,12002,1188,1
2026-09-10T09:48:36Z,36,37,11,12013,1189,1
2026-09-10T09:48:36Z,36,207,17,12030,1190,1
2026-09-10T09:48:36Z,36,46,6,12036,1191,1
2026-09-10T09:48:36Z,36,38,3,12039,1192,1
2026-09-10T09:48:37Z,36,37,3,12042,1193,1
2026-09-10T09:48:37Z,36,90,4,12046,1194,1
2026-09-10T09:48:37Z,36,120,31,12077,1195,1
2026-09-10T09:48:37Z,36,68,6,12083,1196,1
2026-09-10T09:48:38Z,36,240,182,12265,1197,1
2026-09-10T09:48:38Z,36,66,9,12274,1198,1
2026-09-10T09:48:38Z,36,53,3,12277,1199,1
2026-09-10T09:48:38Z,36,75,13,12290,1200,1
2026-09-10T09:48:38Z,36,39,7,12297,1201,1
2026-09-10T09:48:38Z,36,39,7,12304,1202,1
2026-09-10T09:48:38Z,36,53,7,12311,1203,1
2026-09-10T09:48:38Z,36,35,8,12319,1204,1
2026-09-10T09:48:39Z,36,62,7,12326,1205,1
2026-09-10T09:48:39Z,36,46,6,12332,1206,1
2026-09-10T09:48:39Z,36,140,59,12391,1207,1
2026-09-10T09:48:39Z,36,58,15,12406,1208,1
2026-09-10T09:48:39Z,36,39,14,12420,1209,1
2026-09-10T09:48:39Z,36,34,10,12430,1210,1
2026-09-10T09:48:39Z,36,60,7,12437,1211,1
2026-09-10T09:48:40Z,36,46,6,12443,1212,1
2026-09-10T09:48:40Z,36,60,1,12444,1213,1
2026-09-10T09:48:40Z,36,42,5,12449,1214,1
2026-09-10T09:48:40Z,36,56,6,12455,1215,1
2026-09-10T09:48:40Z,36,56,3,12458,1216,1
2026-09-10T09:48:40Z,36,62,11,12469,1217,1
2026-09-10T09:48:40Z,36,45,12,12481,1218,1
2026-09-10T09:48:40Z,36,63,13,12494,1219,1
2026-09-10T09:48:41Z,36,140,30,12524,1220,1
2026-09-10T09:48:41Z,36,37,10,12534,1221,1
2026-09-10T09:48:41Z,36,49,6,12540,1222,1
2026-09-10T09:48:41Z,36,130,38,12578,1223,1
2026-09-10T09:48:41Z,36,39,9,12587,1224,1
2026-09-10T09:48:41Z,36,78,21,12608,1225,1
2026-09-10T09:48:41Z,36,63,29,12637,1226,1
2026-09-10T09:48:42Z,36,43,12,12649,1227,1
2026-09-10T09:48:42Z,36,114,56,12705,1228,1
2026-09-10T09:48:42Z,36,58,22,12727,1229,1
2026-09-10T09:48:42Z,36,53,1,12728,1230,1
2026-09-10T09:48:42Z,36,34,9,12737,1231,1
2026-09-10T09:48:42Z,36,143,13,12750,1232,1
2026-09-10T09:48:43Z,36,64,15,12765,1233,1
2026-09-10T09:48:43Z,36,62,2,12767,1234,1
2026-09-10T09:48:43Z,36,72,11,12778,1235,1
2026-09-10T09:48:43Z,36,38,4,12782,1236,1
2026-09-10T09:48:43Z,36,35,4,12786,1237,1
2026-09-10T09:48:43Z,36,51,8,12794,1238,1
2026-09-10T09:48:43Z,36,37,3,12797,1239,1
2026-09-10T09:48:43Z,36,86,17,12814,1240,1
2026-09-10T09:48:43Z,36,48,12,12826,1241,1
2026-09-10T09:48:44Z,36,51,10,12836,1242,1
2026-09-10T09:48:44Z,36,37,6,12842,1243,1
2026-09-10T09:48:44Z,36,39,1,12843,1244,1
2026-09-10T09:48:44Z,36,34,8,12851,1245,1
2026-09-10T09:48:44Z,36,34,7,12858,1246,1
2026-09-10T09:48:44Z,36,41,10,12868,1247,1
2026-09-10T09:48:44Z,36,69,8,12876,1248,1
2026-09-10T09:48:44Z,36,38,5,12881,1249,1
2026-09-10T09:48:44Z,36,73,3,12884,1250,1
2026-09-10T09:48:45Z,36,34,4,12888,1251,1
2026-09-10T09:48:45Z,36,40,2,12890,1252,1
2026-09-10T09:48:45Z,36,69,11,12901,1253,1
2026-09-10T09:48:45Z,36,39,4,12905,1254,1
2026-09-10T09:48:45Z,36,38,6,12911,1255,1
2026-09-10T09:48:45Z,36,44,1,12912,1256,1
2026-09-10T09:48:46Z,36,270,75,12987,1257,1
2026-09-10T09:48:46Z,36,51,0,12987,1258,1
2026-09-10T09:48:46Z,36,62,14,13001,1259,1
2026-09-10T09:48:46Z,36,62,15,13016,1260,1
2026-09-10T09:48:46Z,36,67,18,13034,1261,1
2026-09-10T09:48:46Z,36,35,7,13041,1262,1
2026-09-10T09:48:46Z,36,87,14,13055,1263,1
2026-09-10T09:48:47Z,36,116,35,13090,1264,1
2026-09-10T09:48:47Z,36,67,19,13109,1265,1
2026-09-10T09:48:47Z,36,59,7,13116,1266,1
2026-09-10T09:48:47Z,36,49,11,13127,1267,1
2026-09-10T09:48:47Z,36,43,6,13133,1268,1
2026-09-10T09:48:47Z,36,38,4,13137,1269,1
2026-09-10T09:48:47Z,36,157,39,13176,1270,1
2026-09-10T09:48:48Z,36,63,2,13178,1271,1
2026-09-10T09:48:48Z,36,37,2,13180,1272,1
2026-09-10T09:48:48Z,36,41,4,13184,1273,1
2026-09-10T09:48:48Z,36,75,20,13204,1274,1
2026-09-10T09:48:48Z,36,40,4,13208,1275,1
2026-09-10T09:48:48Z,36,61,8,13216,1276,1
2026-09-10T09:48:48Z,36,77,22,13238,1277,1
2026-09-10T09:48:48Z,36,39,2,13240,1278,1
2026-09-10T09:48:49Z,36,51,9,13249,1279,1
2026-09-10T09:48:49Z,36,40,6,13255,1280,1
2026-09-10T09:48:49Z,36,45,1,13256,1281,1
2026-09-10T09:48:49Z,36,36,2,13258,1282,1
2026-09-10T09:48:49Z,36,44,0,13258,1283,1
2026-09-10T09:48:49Z,36,45,1,13259,1284,1
2026-09-10T09:48:49Z,36,33,4,13263,1285,1
2026-09-10T09:48:49Z,36,61,10,13273,1286,1
2026-09-10T09:48:49Z,36,92,5,13278,1287,1
2026-09-10T09:48:49Z,36,62,15,13293,1288,1
2026-09-10T09:48:50Z,36,38,4,13297,1289,1
2026-09-10T09:48:50Z,36,41,5,13302,1290,1
2026-09-10T09:48:50Z,36,75,19,13321,1291,1
2026-09-10T09:48:50Z,36,63,10,13331,1292,1
2026-09-10T09:48:50Z,36,95,10,13341,1293,1
2026-09-10T09:48:50Z,36,59,4,13345,1294,1
2026-09-10T09:48:50Z,36,37,4,13349,1295,1
2026-09-10T09:48:50Z,36,38,4,13353,1296,1
2026-09-10T09:48:50Z,36,45,4,13357,1297,1
2026-09-10T09:48:51Z,36,55,14,13371,1298,1
2026-09-10T09:48:51Z,36,63,14,13385,1299,1
2026-09-10T09:48:51Z,36,63,7,13392,1300,1
2026-09-10T09:48:51Z,36,61,10,13402,1301,1
2026-09-10T09:48:51Z,36,38,4,13406,1302,1
2026-09-10T09:48:51Z,36,75,10,13416,1303,1
2026-09-10T09:48:51Z,36,46,0,13416,1304,1
2026-09-10T09:48:51Z,36,44,1,13417,1305,1
2026-09-10T09:48:52Z,36,85,8,13425,1306,1
2026-09-10T09:48:52Z,36,40,4,13429,1307,1
2026-09-10T09:48:52Z,36,62,8,13437,1308,1
2026-09-10T09:48:52Z,36,86,10,13447,1309,1
2026-09-10T09:48:52Z,36,34,6,13453,1310,1
2026-09-10T09:48:52Z,36,52,7,13460,1311,1
2026-09-10T09:48:52Z,36,36,7,13467,1312,1
2026-09-10T09:48:52Z,36,36,7,13474,1313,1
2026-09-10T09:48:53Z,36,59,5,13479,1314,1
2026-09-10T09:48:53Z,36,88,14,13493,1315,1
2026-09-10T09:48:53Z,36,39,4,13497,1316,1
2026-09-10T09:48:53Z,36,38,4,13501,1317,1
2026-09-10T09:48:53Z,36,36,3,13504,1318,1
2026-09-10T09:48:53Z,36,73,9,13513,1319,1
2026-09-10T09:48:53Z,36,38,4,13517,1320,1
2026-09-10T09:48:53Z,36,37,4,13521,1321,1
2026-09-10T09:48:53Z,36,39,3,13524,1322,1
2026-09-10T09:48:53Z,36,39,3,13527,1323,1
2026-09-10T09:48:53Z,36,39,3,13530,1324,1
2026-09-10T09:48:54Z,36,53,5,13535,1325,1
2026-09-10T09:48:54Z,36,41,6,13541,1326,1
2026-09-10T09:48:54Z,36,44,2,13543,1327,1
2026-09-10T09:48:54Z,36,43,9,13552,1328,1
2026-09-10T09:48:54Z,36,59,4,13556,1329,1
2026-09-10T09:48:54Z,36,62,10,13566,1330,1
2026-09-10T09:48:54Z,36,39,4,13570,1331,1
2026-09-10T09:48:54Z,36,38,3,13573,1332,1
2026-09-10T09:48:54Z,36,47,7,13580,1333,1
2026-09-10T09:48:54Z,36,38,3,13583,1334,1
2026-09-10T09:48:55Z,36,62,10,13593,1335,1
2026-09-10T09:48:55Z,36,40,3,13596,1336,1
2026-09-10T09:48:55Z,36,39,4,13600,1337,1
2026-09-10T09:48:55Z,36,38,3,13603,1338,1
2026-09-10T09:48:55Z,36,39,4,13607,1339,1
2026-09-10T09:48:55Z,36,38,0,13607,1340,1
2026-09-10T09:48:55Z,36,36,2,13609,1341,1
2026-09-10T09:48:55Z,36,63,2,13611,1342,1
2026-09-10T09:48:55Z,36,39,0,13611,1343,1
2026-09-10T09:48:55Z,36,50,4,13615,1344,1
2026-09-10T09:48:55Z,36,39,4,13619,1345,1
2026-09-10T09:48:56Z,36,54,5,13624,1346,1
2026-09-10T09:48:56Z,37,67,11,13635,1347,1
2026-09-10T09:48:56Z,37,39,2,13637,1348,1
2026-09-10T09:48:56Z,37,95,32,13669,1349,1
2026-09-10T09:48:56Z,37,38,6,13675,1350,1
2026-09-10T09:48:56Z,37,41,2,13677,1351,1
2026-09-10T09:48:56Z,37,49,8,13685,1352,1
2026-09-10T09:48:56Z,37,46,4,13689,1353,1
2026-09-10T09:48:56Z,37,42,18,13707,1354,1
2026-09-10T09:48:57Z,37,36,14,13721,1355,1
2026-09-10T09:48:57Z,37,83,8,13729,1356,1
2026-09-10T09:48:57Z,37,91,24,13753,1357,1
2026-09-10T09:48:57Z,37,50,8,13761,1358,1
2026-09-10T09:48:57Z,37,69,21,13782,1359,1
2026-09-10T09:48:57Z,37,49,8,13790,1360,1
2026-09-10T09:48:58Z,37,186,86,13876,1361,1
2026-09-10T09:48:58Z,37,91,31,13907,1362,1
2026-09-10T09:48:58Z,37,65,2,13909,1363,1
2026-09-10T09:48:58Z,37,37,11,13920,1364,1
2026-09-10T09:48:58Z,37,89,16,13936,1365,1
2026-09-10T09:48:58Z,37,52,6,13942,1366,1
2026-09-10T09:48:58Z,37,35,11,13953,1367,1
2026-09-10T09:48:59Z,37,35,11,13964,1368,1
2026-09-10T09:48:59Z,37,48,5,13969,1369,1
2026-09-10T09:48:59Z,37,55,17,13986,1370,1
2026-09-10T09:48:59Z,37,96,10,13996,1371,1
2026-09-10T09:48:59Z,37,45,8,14004,1372,1
2026-09-10T09:48:59Z,37,86,40,14044,1373,1
2026-09-10T09:48:59Z,37,114,30,14074,1374,1
2026-09-10T09:49:00Z,37,53,3,14077,1375,1
2026-09-10T09:49:00Z,37,53,5,14082,1376,1
2026-09-10T09:49:00Z,37,38,10,14092,1377,1
2026-09-10T09:49:00Z,37,120,31,14123,1378,1
2026-09-10T09:49:00Z,37,66,3,14126,1379,1
2026-09-10T09:49:00Z,37,58,6,14132,1380,1
2026-09-10T09:49:00Z,37,51,6,14138,1381,1
2026-09-10T09:49:00Z,37,52,3,14141,1382,1
2026-09-10T09:49:01Z,37,42,5,14146,1383,1
2026-09-10T09:49:01Z,37,52,6,14152,1384,1
2026-09-10T09:49:01Z,37,79,10,14162,1385,1
2026-09-10T09:49:01Z,37,38,5,14167,1386,1
2026-09-10T09:49:01Z,37,60,7,14174,1387,1
2026-09-10T09:49:01Z,37,53,14,14188,1388,1
2026-09-10T09:49:02Z,37,190,47,14235,1389,1
2026-09-10T09:49:02Z,37,42,5,14240,1390,1
2026-09-10T09:49:02Z,37,63,22,14262,1391,1
2026-09-10T09:49:02Z,37,52,2,14264,1392,1
2026-09-10T09:49:02Z,37,39,11,14275,1393,1
2026-09-10T09:49:02Z,37,44,6,14281,1394,1
2026-09-10T09:49:02Z,37,90,21,14302,1395,1
2026-09-10T09:49:02Z,37,40,7,14309,1396,1
2026-09-10T09:49:03Z,37,79,11,14320,1397,1
2026-09-10T09:49:03Z,37,81,8,14328,1398,1
2026-09-10T09:49:03Z,37,40,6,14334,1399,1
2026-09-10T09:49:03Z,37,140,26,14360,1400,1
2026-09-10T09:49:03Z,37,43,2,14362,1401,1
2026-09-10T09:49:03Z,37,38,4,14366,1402,1
2026-09-10T09:49:04Z,37,130,26,14392,1403,1
2026-09-10T09:49:04Z,37,64,10,14402,1404,1
2026-09-10T09:49:04Z,37,161,67,14469,1405,1
2026-09-10T09:49:04Z,37,41,0,14469,1406,1
2026-09-10T09:49:04Z,37,54,1,14470,1407,1
2026-09-10T09:49:04Z,37,37,9,14479,1408,1
2026-09-10T09:49:04Z,37,40,4,14483,1409,1
2026-09-10T09:49:05Z,37,46,4,14487,1410,1
2026-09-10T09:49:05Z,37,77,26,14513,1411,1
2026-09-10T09:49:05Z,37,39,6,14519,1412,1
2026-09-10T09:49:05Z,37,42,3,14522,1413,1
2026-09-10T09:49:05Z,37,46,0,14522,1414,1
2026-09-10T09:49:05Z,37,35,1,14523,1415,1
2026-09-10T09:49:05Z,37,63,6,14529,1416,1
2026-09-10T09:49:05Z,37,37,2,14531,1417,1
2026-09-10T09:49:05Z,37,42,5,14536,1418,1
2026-09-10T09:49:05Z,37,55,5,14541,1419,1
2026-09-10T09:49:06Z,37,112,37,14578,1420,1
2026-09-10T09:49:06Z,37,46,0,14578,1421,1
2026-09-10T09:49:06Z,37,35,6,14584,1422,1
2026-09-10T09:49:06Z,37,54,5,14589,1423,1
2026-09-10T09:49:06Z,37,77,7,14596,1424,1
2026-09-10T09:49:06Z,37,73,10,14606,1425,1
2026-09-10T09:49:07Z,37,113,33,14639,1426,1
2026-09-10T09:49:07Z,37,36,6,14645,1427,1
2026-09-10T09:49:07Z,37,52,13,14658,1428,1
2026-09-10T09:49:07Z,37,43,5,14663,1429,1
2026-09-10T09:49:07Z,37,70,24,14687,1430,1
2026-09-10T09:49:07Z,37,56,5,14692,1431,1
2026-09-10T09:49:07Z,37,42,4,14696,1432,1
2026-09-10T09:49:07Z,37,46,0,14696,1433,1
2026-09-10T09:49:08Z,37,49,12,14708,1434,1
2026-09-10T09:49:08Z,37,56,7,14715,1435,1
2026-09-10T09:49:08Z,37,382,134,14849,1436,1
2026-09-10T09:49:08Z,37,35,0,14849,1437,1
2026-09-10T09:49:09Z,37,38,4,14853,1438,1
2026-09-10T09:49:09Z,37,41,4,14857,1439,1
2026-09-10T09:49:09Z,37,42,1,14858,1440,1
2026-09-10T09:49:09Z,37,38,1,14859,1441,1
2026-09-10T09:49:09Z,37,70,17,14876,1442,1
2026-09-10T09:49:09Z,37,70,17,14893,1443,1
2026-09-10T09:49:09Z,37,37,2,14895,1444,1
2026-09-10T09:49:09Z,37,37,3,14898,1445,1
2026-09-10T09:49:09Z,37,70,13,14911,1446,1
2026-09-10T09:49:10Z,37,42,3,14914,1447,1
2026-09-10T09:49:10Z,37,38,2,14916,1448,1
2026-09-10T09:49:10Z,37,127,31,14947,1449,1
2026-09-10T09:49:10Z,37,43,4,14951,1450,1
2026-09-10T09:49:10Z,37,42,4,14955,1451,1
2026-09-10T09:49:10Z,37,38,3,14958,1452,1
2026-09-10T09:49:10Z,37,44,4,14962,1453,1
2026-09-10T09:49:10Z,37,40,3,14965,1454,1
2026-09-10T09:49:11Z,37,77,12,14977,1455,1
2026-09-10T09:49:11Z,37,42,4,14981,1456,1
2026-09-10T09:49:11Z,37,55,6,14987,1457,1
2026-09-10T09:49:11Z,37,52,8,14995,1458,1
2026-09-10T09:49:11Z,37,56,1,14996,1459,1
2026-09-10T09:49:11Z,37,36,4,15000,1460,1
2026-09-10T09:49:11Z,37,63,11,15011,1461,1
2026-09-10T09:49:11Z,37,59,6,15017,1462,1
2026-09-10T09:49:11Z,37,40,2,15019,1463,1
2026-09-10T09:49:12Z,37,55,10,15029,1464,1
2026-09-10T09:49:12Z,37,36,2,15031,1465,1
2026-09-10T09:49:12Z,37,39,5,15036,1466,1
2026-09-10T09:49:12Z,37,41,0,15036,1467,1
2026-09-10T09:49:12Z,37,43,7,15043,1468,1
2026-09-10T09:49:12Z,37,56,0,15043,1469,1
2026-09-10T09:49:12Z,37,42,6,15049,1470,1
2026-09-10T09:49:12Z,37,56,0,15049,1471,1
2026-09-10T09:49:12Z,37,59,7,15056,1472,1
2026-09-10T09:49:12Z,37,59,7,15063,1473,1
2026-09-10T09:49:13Z,37,55,6,15069,1474,1
2026-09-10T09:49:13Z,38,37,5,15074,1475,1
2026-09-10T09:49:13Z,38,53,5,15079,1476,1
2026-09-10T09:49:14Z,38,499,135,15214,1477,1
2026-09-10T09:49:14Z,38,43,8,15222,1478,1
2026-09-10T09:49:14Z,38,36,13,15235,1479,1
2026-09-10T09:49:14Z,38,104,51,15286,1480,1
2026-09-10T09:49:16Z,38,1022,378,15664,1481,1
2026-09-10T09:49:16Z,38,42,11,15675,1482,1
2026-09-10T09:49:16Z,38,39,8,15683,1483,1
2026-09-10T09:49:16Z,38,40,12,15695,1484,1
2026-09-10T09:49:17Z,38,54,16,15711,1485,1
2026-09-10T09:49:17Z,38,54,4,15715,1486,1
2026-09-10T09:49:17Z,38,155,31,15746,1487,1
2026-09-10T09:49:17Z,38,101,44,15790,1488,1
2026-09-10T09:49:18Z,38,410,255,16045,1489,1
2026-09-10T09:49:18Z,38,50,10,16055,1490,1
2026-09-10T09:49:18Z,38,41,3,16058,1491,1
2026-09-10T09:49:19Z,38,477,93,16151,1492,1
2026-09-10T09:49:20Z,38,477,75,16226,1493,1
2026-09-10T09:49:20Z,38,100,39,16265,1494,1
2026-09-10T09:49:21Z,38,43,8,16273,1495,1
2026-09-10T09:49:21Z,38,57,6,16279,1496,1
2026-09-10T09:49:21Z,38,42,12,16291,1497,1
2026-09-10T09:49:21Z,38,36,7,16298,1498,1
2026-09-10T09:49:22Z,38,320,154,16452,1499,1
2026-09-10T09:49:22Z,38,70,2,16454,1500,1
2026-09-10T09:49:22Z,38,66,3,16457,1501,1
2026-09-10T09:49:22Z,38,40,11,16468,1502,1
2026-09-10T09:49:22Z,38,68,17,16485,1503,1
2026-09-10T09:49:22Z,38,89,25,16510,1504,1
2026-09-10T09:49:22Z,38,38,7,16517,1505,1
2026-09-10T09:49:23Z,38,58,25,16542,1506,1
2026-09-10T09:49:23Z,38,55,3,16545,1507,1
2026-09-10T09:49:23Z,38,118,15,16560,1508,1
2026-09-10T09:49:23Z,38,68,6,16566,1509,1
2026-09-10T09:49:23Z,38,153,65,16631,1510,1
2026-09-10T09:49:24Z,38,54,16,16647,1511,1
2026-09-10T09:49:24Z,38,153,34,16681,1512,1
2026-09-10T09:49:24Z,38,52,15,16696,1513,1
2026-09-10T09:49:24Z,38,58,16,16712,1514,1
2026-09-10T09:49:24Z,38,165,22,16734,1515,1
2026-09-10T09:49:25Z,38,268,96,16830,1516,1
2026-09-10T09:49:25Z,38,64,1,16831,1517,1
2026-09-10T09:49:25Z,38,41,1,16832,1518,1
2026-09-10T09:49:25Z,38,52,1,16833,1519,1
2026-09-10T09:49:25Z,38,58,9,16842,1520,1
2026-09-10T09:49:26Z,38,75,23,16865,1521,1
2026-09-10T09:49:26Z,38,39,1,16866,1522,1
2026-09-10T09:49:26Z,38,41,1,16867,1523,1
2026-09-10T09:49:26Z,38,125,17,16884,1524,1
2026-09-10T09:49:26Z,38,50,10,16894,1525,1
2026-09-10T09:49:26Z,38,82,18,16912,1526,1
2026-09-10T09:49:27Z,38,126,32,16944,1527,1
2026-09-10T09:49:27Z,38,65,20,16964,1528,1
2026-09-10T09:49:27Z,38,121,62,17026,1529,1
2026-09-10T09:49:27Z,38,78,33,17059,1530,1
2026-09-10T09:49:27Z,38,64,19,17078,1531,1
2026-09-10T09:49:27Z,38,70,6,17084,1532,1
2026-09-10T09:49:28Z,38,35,5,17089,1533,1
2026-09-10T09:49:28Z,38,54,3,17092,1534,1
2026-09-10T09:49:28Z,38,39,0,17092,1535,1
2026-09-10T09:49:28Z,38,99,23,17115,1536,1
2026-09-10T09:49:28Z,38,144,28,17143,1537,1
2026-09-10T09:49:28Z,38,116,13,17156,1538,1
2026-09-10T09:49:29Z,38,121,59,17215,1539,1
2026-09-10T09:49:29Z,38,212,149,17364,1540,1
2026-09-10T09:49:29Z,38,108,24,17388,1541,1
2026-09-10T09:49:30Z,38,42,2,17390,1542,1
2026-09-10T09:49:30Z,38,160,1,17391,1543,1
2026-09-10T09:49:30Z,38,49,7,17398,1544,1
2026-09-10T09:49:30Z,38,69,0,17398,1545,1
2026-09-10T09:49:30Z,38,45,2,17400,1546,1
2026-09-10T09:49:30Z,38,96,19,17419,1547,1
2026-09-10T09:49:30Z,38,59,0,17419,1548,1
2026-09-10T09:49:31Z,38,75,29,17448,1549,1
2026-09-10T09:49:31Z,38,43,4,17452,1550,1
2026-09-10T09:49:31Z,38,46,8,17460,1551,1
2026-09-10T09:49:31Z,38,65,8,17468,1552,1
2026-09-10T09:49:32Z,38,488,54,17522,1553,1
2026-09-10T09:49:32Z,38,41,0,17522,1554,1
2026-09-10T09:49:32Z,38,69,1,17523,1555,1
2026-09-10T09:49:32Z,38,107,43,17566,1556,1
2026-09-10T09:49:32Z,38,39,5,17571,1557,1
2026-09-10T09:49:33Z,38,44,0,17571,1558,1
2026-09-10T09:49:33Z,38,46,2,17573,1559,1
2026-09-10T09:49:33Z,38,38,0,17573,1560,1
2026-09-10T09:49:33Z,38,38,0,17573,1561,1
2026-09-10T09:49:33Z,38,47,2,17575,1562,1
2026-09-10T09:49:33Z,38,147,43,17618,1563,1
2026-09-10T09:49:33Z,38,61,8,17626,1564,1
2026-09-10T09:49:34Z,38,65,9,17635,1565,1
2026-09-10T09:49:34Z,38,106,12,17647,1566,1
2026-09-10T09:49:34Z,38,110,41,17688,1567,1
2026-09-10T09:49:34Z,38,107,17,17705,1568,1
2026-09-10T09:49:34Z,38,85,23,17728,1569,1
2026-09-10T09:49:35Z,38,41,0,17728,1570,1
2026-09-10T09:49:35Z,38,106,43,17771,1571,1
2026-09-10T09:49:35Z,38,41,3,17774,1572,1
2026-09-10T09:49:35Z,38,215,84,17858,1573,1
2026-09-10T09:49:36Z,38,77,19,17877,1574,1
2026-09-10T09:49:36Z,38,125,15,17892,1575,1
2026-09-10T09:49:36Z,38,73,14,17906,1576,1
2026-09-10T09:49:36Z,38,48,6,17912,1577,1
2026-09-10T09:49:36Z,38,102,19,17931,1578,1
2026-09-10T09:49:36Z,38,55,9,17940,1579,1
2026-09-10T09:49:37Z,38,91,39,17979,1580,1
2026-09-10T09:49:37Z,38,86,19,17998,1581,1
2026-09-10T09:49:37Z,38,78,11,18009,1582,1
2026-09-10T09:49:37Z,38,41,4,18013,1583,1
2026-09-10T09:49:37Z,38,60,9,18022,1584,1
2026-09-10T09:49:37Z,38,35,4,18026,1585,1
2026-09-10T09:49:37Z,38,38,1,18027,1586,1
2026-09-10T09:49:37Z,38,38,4,18031,1587,1
2026-09-10T09:49:38Z,38,61,10,18041,1588,1
2026-09-10T09:49:38Z,38,61,8,18049,1589,1
2026-09-10T09:49:38Z,38,142,25,18074,1590,1
2026-09-10T09:49:38Z,38,43,3,18077,1591,1
2026-09-10T09:49:38Z,38,38,3,18080,1592,1
2026-09-10T09:49:38Z,38,38,4,18084,1593,1
2026-09-10T09:49:38Z,38,50,6,18090,1594,1
2026-09-10T09:49:38Z,38,55,5,18095,1595,1
2026-09-10T09:49:39Z,38,70,11,18106,1596,1
2026-09-10T09:49:39Z,38,125,27,18133,1597,1
2026-09-10T09:49:39Z,38,82,8,18141,1598,1
2026-09-10T09:49:39Z,38,64,20,18161,1599,1
2026-09-10T09:49:39Z,38,60,2,18163,1600,1
2026-09-10T09:49:39Z,38,86,12,18175,1601,1
2026-09-10T09:49:40Z,38,40,0,18175,1602,1
2026-09-10T09:49:40Z,38,66,12,18187,1603,1
2026-09-10T09:49:40Z,38,52,0,18187,1604,1
2026-09-10T09:49:40Z,38,40,0,18187,1605,1
2026-09-10T09:49:40Z,38,43,5,18192,1606,1
2026-09-10T09:49:40Z,38,36,1,18193,1607,1
2026-09-10T09:49:40Z,38,102,16,18209,1608,1
2026-09-10T09:49:40Z,38,64,14,18223,1609,1
2026-09-10T09:49:41Z,38,39,3,18226,1610,1
2026-09-10T09:49:41Z,38,65,15,18241,1611,1
2026-09-10T09:49:41Z,38,39,2,18243,1612,1
2026-09-10T09:49:41Z,38,66,12,18255,1613,1
2026-09-10T09:49:41Z,38,40,4,18259,1614,1
2026-09-10T09:49:41Z,38,55,9,18268,1615,1
2026-09-10T09:49:41Z,38,42,2,18270,1616,1
2026-09-10T09:49:41Z,39,44,7,18277,1617,1
2026-09-10T09:49:41Z,39,49,9,18286,1618,1
2026-09-10T09:49:42Z,39,61,0,18286,1619,1
2026-09-10T09:49:42Z,39,232,19,18305,1620,1
2026-09-10T09:49:45Z,39,1502,503,18808,1621,1
2026-09-10T09:49:45Z,39,49,6,18814,1622,1
2026-09-10T09:49:45Z,39,57,5,18819,1623,1
2026-09-10T09:49:45Z,39,71,4,18823,1624,1
2026-09-10T09:49:46Z,39,111,49,18872,1625,1
2026-09-10T09:49:46Z,39,193,82,18954,1626,1
2026-09-10T09:49:46Z,39,209,31,18985,1627,1
